order_id,customer_id,date,crop_id,kg,sgd_total
O00001,C0001,2026-03-03,kai_lan,4.0,24.75
O00002,C0001,2026-01-28,arugula,4.66,32.57
O00003,C0002,2025-05-07,spinach,2.81,19.32
O00004,C0002,2025-11-08,chye_sim,1.69,12.45
O00005,C0002,2025-09-21,spinach,4.6,37.11
O00006,C0002,2026-03-19,spinach,4.76,36.37
O00007,C0002,2026-01-31,spinach,0.5,3.81
O00008,C0002,2025-11-09,spinach,4.75,34.14
O00009,C0002,2025-10-15,spinach,4.56,37.25
O00010,C0002,2025-07-03,spinach,1.34,10.9
O00011,C0002,2025-07-30,spinach,3.45,26.46
O00012,C0002,2025-05-19,arugula,4.97,46.12
O00013,C0002,2026-01-28,spinach,3.46,24.51
O00014,C0002,2025-08-01,lettuce,1.85,10.76
O00015,C0002,2026-03-23,spinach,1.64,11.09
O00016,C0002,2025-07-30,spinach,2.42,18.74
O00017,C0002,2025-09-25,spinach,1.02,7.79
O00018,C0002,2025-09-30,kai_lan,1.77,16.0
O00019,C0002,2026-03-16,spinach,4.25,29.22
O00020,C0002,2025-10-08,spinach,1.99,14.28
O00021,C0002,2026-01-29,spinach,3.33,22.62
O00022,C0002,2025-09-12,kai_lan,2.83,22.57
O00023,C0003,2025-05-31,arugula,4.29,31.89
O00024,C0003,2026-02-13,chye_sim,3.92,20.05
O00025,C0003,2025-05-10,chye_sim,2.85,17.58
O00026,C0003,2025-12-19,chye_sim,1.0,5.35
O00027,C0003,2026-02-17,spinach,2.48,14.44
O00028,C0003,2025-11-11,chye_sim,0.35,1.8
O00029,C0004,2026-01-01,spinach,3.86,20.45
O00030,C0004,2025-05-13,spinach,4.76,28.66
O00031,C0004,2025-05-06,lettuce,1.99,9.08
O00032,C0004,2025-10-28,spinach,1.54,8.38
O00033,C0004,2026-01-29,spinach,4.57,25.6
O00034,C0004,2025-10-19,arugula,0.49,3.64
O00035,C0004,2025-04-14,lettuce,4.2,22.23
O00036,C0005,2026-03-16,chye_sim,6.74,38.43
O00037,C0005,2026-01-20,chye_sim,13.98,69.11
O00038,C0006,2026-01-23,spinach,2.21,13.78
O00039,C0006,2026-01-15,spinach,2.57,15.25
O00040,C0007,2025-08-31,kai_lan,7.3,47.61
O00041,C0007,2025-11-11,kai_lan,6.87,43.17
O00042,C0007,2025-08-20,kai_lan,9.15,57.03
O00043,C0007,2025-08-18,kai_lan,9.79,59.21
O00044,C0007,2025-09-11,kai_lan,9.11,55.57
O00045,C0007,2025-08-25,kai_lan,6.61,44.31
O00046,C0008,2026-04-14,kai_lan,0.56,3.45
O00047,C0008,2026-02-27,kai_lan,2.21,15.95
O00048,C0009,2025-05-01,chye_sim,4.16,25.34
O00049,C0009,2025-08-10,chye_sim,4.97,29.72
O00050,C0009,2025-07-18,chye_sim,2.23,11.22
O00051,C0009,2026-02-14,kai_lan,3.4,20.85
O00052,C0010,2026-03-09,arugula,2.43,23.25
O00053,C0010,2025-07-18,arugula,0.92,7.62
O00054,C0010,2025-12-15,lettuce,2.27,13.26
O00055,C0010,2025-05-11,arugula,4.54,43.49
O00056,C0010,2025-12-20,arugula,0.85,7.94
O00057,C0010,2025-05-28,lettuce,0.31,2.15
O00058,C0010,2026-03-05,arugula,2.75,24.97
O00059,C0010,2025-04-14,arugula,2.32,23.96
O00060,C0010,2025-11-24,spinach,3.07,24.48
O00061,C0010,2026-04-16,lettuce,2.3,13.79
O00062,C0010,2025-07-20,kai_lan,3.11,26.57
O00063,C0010,2025-08-01,arugula,3.63,36.37
O00064,C0010,2026-01-12,arugula,2.74,24.9
O00065,C0010,2025-07-06,arugula,1.78,16.15
O00066,C0010,2025-06-10,arugula,3.05,26.92
O00067,C0010,2025-12-22,arugula,2.02,17.88
O00068,C0010,2026-03-06,arugula,1.26,11.92
O00069,C0011,2026-02-23,chye_sim,10.59,58.02
O00070,C0011,2025-11-25,chye_sim,12.74,68.37
O00071,C0011,2025-08-30,lettuce,12.48,60.36
O00072,C0011,2025-09-11,chye_sim,10.08,59.27
O00073,C0011,2026-03-29,chye_sim,11.85,58.15
O00074,C0011,2026-01-06,kai_lan,5.91,35.15
O00075,C0012,2025-12-30,kai_lan,1.54,9.68
O00076,C0012,2026-03-29,kai_lan,2.11,15.28
O00077,C0012,2026-04-01,kai_lan,1.65,11.89
O00078,C0012,2025-06-20,chye_sim,3.31,17.93
O00079,C0012,2025-09-02,arugula,2.74,18.25
O00080,C0012,2026-03-24,kai_lan,3.58,23.93
O00081,C0012,2025-06-09,kai_lan,3.38,24.47
O00082,C0012,2025-07-05,chye_sim,1.96,10.51
O00083,C0012,2026-03-18,kai_lan,0.37,2.54
O00084,C0012,2025-07-07,kai_lan,3.71,24.48
O00085,C0012,2026-03-16,kai_lan,4.83,29.7
O00086,C0013,2025-08-29,spinach,2.2,11.24
O00087,C0013,2025-08-19,spinach,0.8,4.17
O00088,C0013,2025-10-19,spinach,0.85,4.95
O00089,C0013,2025-09-30,chye_sim,3.0,17.28
O00090,C0013,2025-12-01,spinach,3.92,24.13
O00091,C0013,2026-01-11,spinach,4.51,28.45
O00092,C0013,2026-01-23,spinach,0.62,3.7
O00093,C0013,2025-09-11,spinach,1.38,7.65
O00094,C0013,2025-11-18,spinach,0.35,2.16
O00095,C0013,2025-09-26,spinach,2.17,13.37
O00096,C0013,2025-11-13,spinach,4.68,26.98
O00097,C0013,2025-11-19,spinach,3.0,16.06
O00098,C0013,2025-08-27,spinach,1.24,7.59
O00099,C0013,2025-10-04,spinach,1.25,6.83
O00100,C0014,2025-11-20,arugula,0.8,6.35
O00101,C0014,2026-01-29,arugula,3.89,28.3
O00102,C0014,2025-06-12,spinach,1.78,11.33
O00103,C0014,2026-03-12,lettuce,4.93,26.55
O00104,C0014,2025-10-12,arugula,3.83,25.09
O00105,C0014,2026-02-15,lettuce,2.84,13.93
O00106,C0014,2025-12-09,chye_sim,2.45,12.24
O00107,C0014,2026-02-11,arugula,3.54,22.5
O00108,C0014,2025-09-06,arugula,0.77,5.38
O00109,C0014,2025-10-01,arugula,1.54,10.44
O00110,C0014,2026-03-31,arugula,1.16,8.23
O00111,C0014,2025-12-22,spinach,4.32,23.71
O00112,C0015,2026-03-01,spinach,3.01,16.3
O00113,C0015,2025-12-30,chye_sim,2.91,17.37
O00114,C0016,2025-12-25,chye_sim,2.52,12.24
O00115,C0016,2026-03-05,lettuce,4.98,26.44
O00116,C0017,2026-03-21,chye_sim,1.71,9.55
O00117,C0017,2026-04-07,lettuce,0.77,3.45
O00118,C0017,2025-10-09,lettuce,3.26,15.78
O00119,C0018,2025-11-24,spinach,2.93,24.41
O00120,C0018,2025-11-23,spinach,2.24,16.25
O00121,C0018,2026-03-11,kai_lan,3.01,26.32
O00122,C0018,2025-11-02,spinach,1.83,13.82
O00123,C0018,2026-04-05,arugula,2.09,18.57
O00124,C0018,2026-02-27,arugula,3.31,34.18
O00125,C0018,2026-01-04,spinach,2.99,24.41
O00126,C0018,2025-10-07,spinach,1.92,13.79
O00127,C0018,2026-03-05,spinach,1.56,12.15
O00128,C0018,2025-11-27,chye_sim,4.71,35.7
O00129,C0018,2026-01-30,spinach,1.16,7.77
O00130,C0018,2026-03-24,spinach,1.48,11.83
O00131,C0018,2026-03-29,spinach,1.08,7.4
O00132,C0018,2025-10-05,lettuce,0.55,3.75
O00133,C0019,2025-08-02,kai_lan,3.21,24.38
O00134,C0019,2026-01-06,kai_lan,1.46,11.72
O00135,C0019,2025-08-24,kai_lan,4.24,31.78
O00136,C0019,2025-12-20,spinach,2.54,21.32
O00137,C0019,2026-03-24,lettuce,0.94,6.6
O00138,C0019,2026-03-24,kai_lan,3.11,27.09
O00139,C0019,2026-04-05,kai_lan,3.31,28.17
O00140,C0019,2025-12-15,kai_lan,1.37,10.42
O00141,C0019,2025-11-25,kai_lan,1.52,12.25
O00142,C0019,2025-06-21,kai_lan,3.86,29.8
O00143,C0019,2025-11-14,kai_lan,0.34,3.16
O00144,C0019,2026-02-20,kai_lan,3.9,35.31
O00145,C0019,2025-10-17,lettuce,1.19,8.25
O00146,C0019,2026-01-30,kai_lan,1.07,9.53
O00147,C0019,2026-01-06,spinach,0.67,5.22
O00148,C0019,2026-03-12,arugula,4.1,40.03
O00149,C0019,2025-11-13,kai_lan,2.8,22.35
O00150,C0019,2025-09-25,kai_lan,1.66,14.5
O00151,C0019,2026-02-07,kai_lan,3.23,25.22
O00152,C0019,2025-06-30,kai_lan,4.86,36.34
O00153,C0019,2025-08-12,kai_lan,0.89,7.39
O00154,C0019,2025-06-25,kai_lan,1.01,8.51
O00155,C0019,2025-12-13,kai_lan,3.99,33.73
O00156,C0020,2026-01-15,arugula,0.45,3.78
O00157,C0020,2026-03-30,kai_lan,3.95,29.91
O00158,C0020,2026-01-17,arugula,4.51,39.68
O00159,C0020,2025-12-25,kai_lan,3.91,31.05
O00160,C0020,2026-04-04,spinach,4.97,34.8
O00161,C0020,2026-03-26,lettuce,4.92,31.11
O00162,C0020,2026-03-12,arugula,1.05,10.32
O00163,C0020,2026-03-28,lettuce,1.49,9.81
O00164,C0020,2025-11-08,arugula,0.54,5.3
O00165,C0020,2025-10-17,arugula,2.34,19.36
O00166,C0020,2026-04-10,arugula,0.86,8.63
O00167,C0020,2025-09-21,lettuce,3.55,23.61
O00168,C0021,2026-02-03,spinach,2.65,16.05
O00169,C0021,2026-01-30,arugula,3.24,20.85
O00170,C0022,2025-07-09,chye_sim,0.89,4.59
O00171,C0022,2026-02-01,chye_sim,4.09,22.14
O00172,C0022,2025-07-29,lettuce,2.08,10.72
O00173,C0022,2025-08-28,lettuce,2.36,10.98
O00174,C0022,2026-04-13,lettuce,2.96,14.67
O00175,C0022,2025-10-04,spinach,4.21,26.83
O00176,C0023,2025-09-11,spinach,1.03,7.38
O00177,C0023,2025-11-02,spinach,2.43,19.57
O00178,C0023,2026-03-07,spinach,1.17,7.82
O00179,C0023,2025-12-24,spinach,3.69,28.87
O00180,C0023,2026-03-23,kai_lan,3.51,31.56
O00181,C0023,2025-09-07,spinach,1.82,14.16
O00182,C0023,2025-08-16,spinach,3.4,22.81
O00183,C0023,2025-08-26,spinach,0.45,3.05
O00184,C0023,2025-09-27,spinach,2.98,24.31
O00185,C0023,2026-02-26,spinach,3.6,25.53
O00186,C0023,2025-12-25,spinach,3.67,24.46
O00187,C0024,2026-03-23,chye_sim,2.5,14.21
O00188,C0024,2026-02-18,spinach,4.71,26.77
O00189,C0024,2026-02-20,kai_lan,3.2,20.94
O00190,C0025,2025-04-28,kai_lan,1.31,11.16
O00191,C0025,2025-05-13,lettuce,1.19,7.63
O00192,C0025,2025-07-28,kai_lan,4.75,40.73
O00193,C0025,2026-01-02,kai_lan,0.8,6.95
O00194,C0025,2025-09-22,kai_lan,3.6,29.9
O00195,C0025,2025-05-15,kai_lan,1.15,9.47
O00196,C0025,2025-09-11,kai_lan,2.81,24.31
O00197,C0025,2025-09-19,lettuce,4.99,34.38
O00198,C0025,2025-10-20,spinach,3.71,28.71
O00199,C0025,2026-01-05,kai_lan,2.06,17.64
O00200,C0025,2026-04-08,kai_lan,4.82,40.21
O00201,C0025,2025-10-12,kai_lan,0.46,3.71
O00202,C0025,2025-03-31,kai_lan,4.97,39.99
O00203,C0025,2025-08-23,kai_lan,1.78,16.02
O00204,C0025,2026-03-11,arugula,2.7,25.73
O00205,C0025,2026-01-09,kai_lan,0.48,3.89
O00206,C0025,2025-06-01,kai_lan,4.48,35.59
O00207,C0025,2025-08-01,kai_lan,2.18,20.26
O00208,C0025,2026-04-02,kai_lan,1.83,15.37
O00209,C0025,2025-11-27,chye_sim,3.01,23.61
O00210,C0025,2026-01-21,kai_lan,0.48,4.32
O00211,C0025,2025-10-04,kai_lan,0.56,5.07
O00212,C0025,2025-09-17,spinach,4.67,32.02
O00213,C0025,2025-07-17,chye_sim,4.66,34.42
O00214,C0025,2026-02-09,kai_lan,1.73,13.03
O00215,C0025,2025-12-24,kai_lan,1.84,16.25
O00216,C0025,2025-06-09,kai_lan,3.74,30.78
O00217,C0025,2025-11-06,lettuce,0.72,4.53
O00218,C0025,2025-10-10,kai_lan,1.88,15.79
O00219,C0025,2026-04-08,kai_lan,2.18,16.56
O00220,C0026,2026-01-29,kai_lan,0.93,6.16
O00221,C0026,2026-02-25,spinach,2.99,17.57
O00222,C0027,2025-12-16,spinach,0.64,3.94
O00223,C0027,2025-09-04,spinach,3.01,15.82
O00224,C0027,2025-10-20,spinach,1.94,10.75
O00225,C0027,2026-01-21,spinach,3.92,20.92
O00226,C0027,2025-09-18,spinach,4.95,28.33
O00227,C0027,2025-06-05,spinach,4.64,25.21
O00228,C0028,2025-10-30,spinach,3.72,25.29
O00229,C0028,2025-05-19,spinach,3.22,22.22
O00230,C0028,2025-09-16,spinach,3.56,24.34
O00231,C0028,2025-12-08,spinach,1.86,14.83
O00232,C0028,2025-08-08,spinach,2.76,19.6
O00233,C0028,2025-12-25,spinach,4.96,39.18
O00234,C0028,2026-03-30,spinach,3.04,23.82
O00235,C0028,2025-05-14,spinach,0.58,4.08
O00236,C0028,2026-04-13,spinach,0.55,4.3
O00237,C0028,2025-04-26,spinach,3.4,26.67
O00238,C0028,2026-03-25,spinach,0.81,5.78
O00239,C0028,2026-03-20,spinach,4.91,37.06
O00240,C0028,2025-06-11,lettuce,3.11,17.83
O00241,C0028,2025-08-01,spinach,2.45,20.38
O00242,C0028,2025-05-03,spinach,4.63,33.31
O00243,C0028,2025-12-28,spinach,1.04,7.54
O00244,C0028,2025-10-19,spinach,1.72,14.52
O00245,C0028,2026-01-03,spinach,0.59,4.2
O00246,C0028,2025-11-06,chye_sim,0.44,3.18
O00247,C0028,2025-09-12,spinach,1.91,14.0
O00248,C0029,2025-12-29,lettuce,3.49,18.61
O00249,C0029,2026-03-15,spinach,1.43,7.6
O00250,C0029,2026-01-26,spinach,2.85,15.36
O00251,C0029,2026-01-04,spinach,3.52,18.93
O00252,C0030,2026-01-26,kai_lan,4.52,32.29
O00253,C0030,2026-02-11,arugula,0.98,7.81
O00254,C0030,2026-04-14,kai_lan,0.62,4.05
O00255,C0030,2026-03-20,kai_lan,1.79,12.71
O00256,C0030,2026-03-21,kai_lan,1.8,13.01
O00257,C0031,2025-11-05,arugula,4.69,48.04
O00258,C0031,2026-04-15,kai_lan,1.18,9.11
O00259,C0031,2025-08-26,lettuce,1.55,10.06
O00260,C0031,2025-10-18,arugula,1.39,11.49
O00261,C0031,2025-09-09,arugula,2.54,23.79
O00262,C0031,2026-01-21,arugula,3.35,29.0
O00263,C0031,2025-11-27,arugula,0.95,8.21
O00264,C0031,2025-08-28,arugula,4.85,50.07
O00265,C0031,2025-12-03,arugula,3.46,30.03
O00266,C0032,2025-12-04,arugula,4.79,33.96
O00267,C0032,2026-03-23,arugula,4.37,34.42
O00268,C0032,2026-03-07,arugula,0.5,3.78
O00269,C0033,2026-02-20,spinach,3.17,19.48
O00270,C0033,2026-01-19,spinach,3.31,20.17
O00271,C0033,2025-08-29,spinach,2.42,15.15
O00272,C0033,2025-08-30,spinach,2.83,18.31
O00273,C0033,2025-08-30,spinach,2.73,16.31
O00274,C0033,2025-09-01,spinach,2.37,14.99
O00275,C0033,2026-03-06,spinach,2.29,13.62
O00276,C0033,2025-09-02,spinach,4.55,26.14
O00277,C0033,2026-02-01,spinach,3.7,19.45
O00278,C0034,2025-12-17,chye_sim,6.35,34.22
O00279,C0034,2025-10-09,chye_sim,9.54,57.45
O00280,C0034,2025-06-04,kai_lan,8.24,55.47
O00281,C0034,2026-02-20,chye_sim,6.24,31.12
O00282,C0035,2026-01-22,kai_lan,3.62,24.84
O00283,C0035,2026-04-08,kai_lan,1.05,6.92
O00284,C0035,2025-08-12,arugula,2.96,22.11
O00285,C0035,2025-10-05,kai_lan,0.98,6.78
O00286,C0035,2025-08-16,kai_lan,1.75,12.14
O00287,C0035,2026-03-06,kai_lan,1.15,8.18
O00288,C0035,2025-11-01,kai_lan,3.9,22.37
O00289,C0035,2026-04-01,lettuce,0.33,1.75
O00290,C0035,2025-11-19,kai_lan,3.4,21.85
O00291,C0035,2026-03-04,kai_lan,3.12,19.04
O00292,C0036,2025-11-10,spinach,2.92,23.74
O00293,C0036,2025-07-16,spinach,0.56,4.06
O00294,C0036,2025-09-03,lettuce,4.24,25.69
O00295,C0036,2025-08-04,spinach,2.26,15.72
O00296,C0036,2025-11-13,spinach,3.55,27.38
O00297,C0036,2026-04-04,spinach,2.44,18.75
O00298,C0036,2025-07-09,spinach,1.71,12.46
O00299,C0036,2026-01-01,chye_sim,4.26,27.3
O00300,C0036,2026-02-17,spinach,3.56,25.42
O00301,C0036,2026-03-17,spinach,1.29,9.02
O00302,C0036,2025-07-20,spinach,3.73,28.99
O00303,C0036,2025-08-04,spinach,3.54,29.44
O00304,C0036,2025-11-15,spinach,4.28,30.44
O00305,C0037,2026-04-06,arugula,0.91,6.65
O00306,C0037,2026-02-12,lettuce,4.1,21.93
O00307,C0038,2026-01-31,kai_lan,0.41,3.59
O00308,C0038,2025-12-18,kai_lan,3.19,26.42
O00309,C0038,2025-11-29,kai_lan,2.93,25.61
O00310,C0038,2025-11-20,kai_lan,3.54,28.17
O00311,C0038,2025-12-05,kai_lan,2.68,21.7
O00312,C0038,2025-11-19,kai_lan,1.87,15.38
O00313,C0038,2026-04-12,kai_lan,0.44,3.4
O00314,C0039,2025-12-14,lettuce,2.53,14.32
O00315,C0039,2025-10-23,spinach,3.25,26.79
O00316,C0039,2026-02-03,spinach,4.13,34.31
O00317,C0039,2025-10-03,spinach,3.71,26.72
O00318,C0039,2026-02-03,spinach,3.01,21.81
O00319,C0039,2026-04-10,spinach,4.86,34.69
O00320,C0039,2025-09-26,spinach,2.06,15.69
O00321,C0039,2025-10-31,spinach,2.13,16.43
O00322,C0039,2026-04-07,chye_sim,1.78,11.28
O00323,C0039,2026-01-02,spinach,4.42,32.32
O00324,C0039,2025-12-05,spinach,1.72,11.77
O00325,C0039,2026-04-07,spinach,1.25,8.5
O00326,C0040,2025-07-03,arugula,1.02,7.09
O00327,C0040,2026-02-23,lettuce,3.95,17.68
O00328,C0040,2025-08-10,arugula,3.48,22.85
O00329,C0040,2025-07-09,arugula,3.65,26.45
O00330,C0040,2025-06-23,arugula,0.51,3.95
O00331,C0040,2025-08-04,arugula,4.48,29.18
O00332,C0041,2026-01-24,kai_lan,3.86,25.96
O00333,C0041,2025-06-08,lettuce,1.2,5.59
O00334,C0041,2025-08-03,chye_sim,1.58,7.98
O00335,C0041,2025-04-20,lettuce,3.23,15.87
O00336,C0042,2026-04-05,spinach,1.8,12.38
O00337,C0042,2026-01-29,spinach,1.1,7.95
O00338,C0042,2026-02-12,spinach,0.54,3.6
O00339,C0042,2025-11-30,spinach,0.55,4.09
O00340,C0042,2026-01-02,arugula,3.26,31.89
O00341,C0043,2026-01-19,spinach,4.14,32.83
O00342,C0043,2025-08-30,chye_sim,2.49,16.22
O00343,C0043,2026-03-17,spinach,1.76,13.72
O00344,C0043,2026-03-16,spinach,4.75,32.77
O00345,C0043,2025-11-30,spinach,3.59,28.13
O00346,C0043,2026-01-03,spinach,0.44,3.31
O00347,C0043,2026-01-16,spinach,4.28,30.55
O00348,C0043,2026-01-15,spinach,0.9,6.13
O00349,C0043,2025-09-13,spinach,3.35,27.05
O00350,C0043,2026-03-14,spinach,2.24,17.4
O00351,C0043,2025-10-10,spinach,1.9,15.42
O00352,C0043,2026-02-26,spinach,4.0,30.49
O00353,C0043,2025-11-18,spinach,3.45,27.48
O00354,C0044,2026-01-10,kai_lan,3.1,19.32
O00355,C0044,2025-05-11,kai_lan,4.79,27.93
O00356,C0044,2025-05-17,lettuce,3.1,16.37
O00357,C0044,2025-09-06,lettuce,3.4,15.04
O00358,C0044,2025-06-02,arugula,3.29,20.85
O00359,C0044,2025-06-06,lettuce,2.43,11.31
O00360,C0045,2026-03-13,lettuce,1.27,6.77
O00361,C0045,2025-10-22,lettuce,4.59,21.45
O00362,C0046,2026-02-19,spinach,0.72,4.79
O00363,C0046,2025-12-28,spinach,0.9,6.45
O00364,C0046,2025-11-22,arugula,0.3,2.89
O00365,C0046,2025-11-19,spinach,1.63,10.88
O00366,C0046,2025-12-08,spinach,1.8,13.16
O00367,C0046,2025-11-25,spinach,1.29,8.98
O00368,C0046,2025-09-24,spinach,2.11,17.51
O00369,C0046,2026-03-23,spinach,1.66,13.6
O00370,C0046,2025-09-21,spinach,0.64,4.25
O00371,C0046,2026-02-20,lettuce,4.88,28.38
O00372,C0046,2025-09-24,spinach,2.25,16.82
O00373,C0046,2026-03-09,spinach,4.67,36.27
O00374,C0046,2025-12-14,spinach,2.89,21.56
O00375,C0047,2025-11-15,kai_lan,11.05,73.14
O00376,C0047,2026-03-25,kai_lan,10.02,63.72
O00377,C0047,2026-02-05,kai_lan,5.33,30.83
O00378,C0047,2026-01-20,kai_lan,9.82,66.72
O00379,C0048,2026-03-21,arugula,4.92,49.17
O00380,C0048,2026-02-15,spinach,2.76,21.36
O00381,C0048,2026-01-18,spinach,3.79,31.7
O00382,C0048,2025-12-27,spinach,2.83,21.78
O00383,C0048,2026-03-06,spinach,1.91,15.4
O00384,C0048,2026-02-16,spinach,4.56,34.98
O00385,C0048,2026-01-29,spinach,4.81,38.9
O00386,C0049,2025-11-30,kai_lan,4.64,31.95
O00387,C0049,2026-03-12,kai_lan,3.26,21.57
O00388,C0049,2026-03-14,kai_lan,4.95,34.59
O00389,C0049,2026-03-27,kai_lan,2.58,15.26
O00390,C0050,2026-02-21,kai_lan,3.19,19.64
O00391,C0050,2026-02-18,kai_lan,0.82,4.94
O00392,C0050,2026-04-02,lettuce,2.04,9.21
O00393,C0050,2026-04-16,kai_lan,1.15,7.52
O00394,C0051,2026-03-09,arugula,3.1,24.04
O00395,C0051,2026-04-10,kai_lan,4.97,34.4
O00396,C0052,2026-03-10,kai_lan,10.78,75.8
O00397,C0052,2025-12-01,kai_lan,12.55,74.09
O00398,C0053,2026-02-15,chye_sim,1.72,10.0
O00399,C0053,2026-03-24,spinach,3.51,19.83
O00400,C0054,2025-11-25,arugula,2.34,16.02
O00401,C0054,2026-02-10,arugula,1.78,12.94
O00402,C0055,2026-02-22,lettuce,4.79,23.11
O00403,C0055,2026-04-15,spinach,1.58,8.67
O00404,C0056,2025-04-12,lettuce,10.84,52.63
O00405,C0056,2026-02-01,chye_sim,10.89,55.5
O00406,C0056,2025-08-12,lettuce,14.93,69.89
O00407,C0056,2025-02-26,lettuce,13.32,57.61
O00408,C0057,2026-03-25,spinach,2.4,12.96
O00409,C0057,2026-02-22,spinach,0.46,2.74
O00410,C0057,2026-01-24,lettuce,4.23,22.95
O00411,C0058,2025-06-23,kai_lan,4.33,33.3
O00412,C0058,2026-03-24,lettuce,4.08,23.99
O00413,C0058,2025-06-17,kai_lan,1.49,12.5
O00414,C0058,2025-05-30,kai_lan,4.64,37.08
O00415,C0058,2025-11-26,kai_lan,3.44,30.93
O00416,C0058,2025-08-31,kai_lan,0.65,5.84
O00417,C0058,2025-11-03,kai_lan,4.98,39.65
O00418,C0058,2025-09-04,kai_lan,0.63,5.9
O00419,C0058,2025-08-02,kai_lan,1.14,9.6
O00420,C0058,2025-07-04,kai_lan,2.33,20.2
O00421,C0058,2025-06-15,chye_sim,0.79,5.04
O00422,C0058,2026-02-08,chye_sim,0.39,2.77
O00423,C0058,2026-03-22,kai_lan,4.68,41.15
O00424,C0058,2025-09-05,kai_lan,1.85,15.23
O00425,C0058,2025-04-23,kai_lan,4.72,39.77
O00426,C0058,2025-12-01,kai_lan,3.72,33.79
O00427,C0058,2025-05-27,kai_lan,0.32,2.96
O00428,C0058,2025-12-24,kai_lan,2.82,26.6
O00429,C0058,2025-10-09,kai_lan,2.18,19.03
O00430,C0058,2026-03-19,kai_lan,2.81,26.4
O00431,C0058,2025-06-02,chye_sim,1.66,11.04
O00432,C0058,2026-01-30,kai_lan,2.11,16.47
O00433,C0058,2026-04-13,kai_lan,0.8,7.08
O00434,C0058,2025-12-27,kai_lan,3.27,29.23
O00435,C0058,2025-07-02,kai_lan,0.42,3.96
O00436,C0058,2025-08-22,kai_lan,0.6,5.09
O00437,C0059,2026-02-23,spinach,4.22,24.18
O00438,C0059,2025-10-23,spinach,0.56,3.49
O00439,C0059,2025-10-29,spinach,1.29,7.79
O00440,C0059,2026-03-01,spinach,3.49,22.04
O00441,C0059,2025-11-26,spinach,0.64,3.91
O00442,C0059,2026-02-21,spinach,2.51,16.05
O00443,C0060,2026-03-03,kai_lan,1.11,6.43
O00444,C0060,2026-03-07,kai_lan,3.17,22.28
O00445,C0061,2026-01-30,lettuce,3.1,15.59
O00446,C0061,2026-01-25,spinach,4.11,26.62
O00447,C0062,2025-11-13,kai_lan,14.76,97.68
O00448,C0062,2025-07-01,kai_lan,14.65,88.65
O00449,C0062,2025-05-15,kai_lan,8.36,49.36
O00450,C0062,2025-07-03,kai_lan,8.7,52.0
O00451,C0062,2025-08-24,kai_lan,6.0,42.25
O00452,C0062,2026-03-01,kai_lan,6.58,46.65
O00453,C0063,2026-01-17,chye_sim,14.26,82.33
O00454,C0063,2026-04-02,spinach,13.07,80.79
O00455,C0064,2025-05-26,spinach,3.31,25.07
O00456,C0064,2025-10-19,spinach,1.12,8.84
O00457,C0064,2026-01-22,spinach,2.65,22.14
O00458,C0064,2026-02-07,spinach,2.27,17.34
O00459,C0064,2025-06-29,spinach,2.79,19.01
O00460,C0064,2025-09-24,arugula,2.69,24.92
O00461,C0064,2026-02-06,spinach,1.6,11.17
O00462,C0064,2025-06-07,spinach,4.85,36.36
O00463,C0064,2025-06-21,spinach,4.64,31.22
O00464,C0064,2025-09-25,spinach,2.34,16.96
O00465,C0064,2026-04-15,spinach,0.79,5.32
O00466,C0064,2025-12-23,spinach,3.99,29.99
O00467,C0064,2025-05-21,spinach,1.41,10.46
O00468,C0064,2026-01-13,spinach,1.23,9.7
O00469,C0064,2025-09-05,spinach,0.82,5.76
O00470,C0065,2026-03-03,spinach,1.34,10.01
O00471,C0065,2026-03-22,arugula,2.35,20.49
O00472,C0065,2026-03-14,arugula,2.06,19.04
O00473,C0065,2026-01-06,arugula,4.89,42.46
O00474,C0065,2025-12-20,arugula,2.97,26.36
O00475,C0065,2025-12-16,spinach,1.1,8.02
O00476,C0065,2026-02-01,arugula,4.01,38.79
O00477,C0065,2025-12-31,arugula,2.9,25.37
O00478,C0065,2026-03-03,lettuce,4.98,32.42
O00479,C0065,2026-03-16,arugula,3.73,36.9
O00480,C0066,2026-01-20,chye_sim,3.02,18.19
O00481,C0066,2025-12-26,arugula,2.26,14.51
O00482,C0067,2026-04-05,lettuce,2.8,13.63
O00483,C0067,2025-09-09,lettuce,1.43,7.11
O00484,C0068,2026-04-01,arugula,0.92,8.22
O00485,C0068,2026-03-29,kai_lan,3.44,26.74
O00486,C0069,2025-08-02,spinach,6.39,38.85
O00487,C0069,2025-10-23,spinach,9.64,57.72
O00488,C0069,2025-08-26,kai_lan,11.91,77.97
O00489,C0069,2025-12-19,kai_lan,7.7,55.39
O00490,C0069,2025-11-04,kai_lan,13.81,94.83
O00491,C0069,2025-08-18,kai_lan,14.1,88.66
O00492,C0070,2026-02-23,kai_lan,2.49,14.39
O00493,C0070,2026-03-11,kai_lan,2.93,17.04
O00494,C0071,2025-07-05,chye_sim,1.87,10.41
O00495,C0071,2026-02-18,chye_sim,4.71,26.43
O00496,C0072,2025-07-08,chye_sim,1.81,10.88
O00497,C0072,2025-12-05,spinach,1.6,8.32
O00498,C0073,2026-01-12,kai_lan,2.78,16.41
O00499,C0073,2026-03-19,kai_lan,4.18,29.77
O00500,C0073,2026-01-12,kai_lan,4.06,29.21
O00501,C0073,2026-04-14,arugula,1.19,9.32
O00502,C0074,2026-01-27,kai_lan,1.14,8.23
O00503,C0074,2026-01-26,kai_lan,1.6,10.87
O00504,C0075,2025-10-06,lettuce,3.25,15.13
O00505,C0075,2025-09-26,kai_lan,2.27,15.63
O00506,C0075,2025-07-31,kai_lan,0.6,4.22
O00507,C0075,2025-11-16,lettuce,1.88,9.38
O00508,C0076,2026-03-18,lettuce,3.43,16.93
O00509,C0076,2026-01-27,kai_lan,1.73,10.25
O00510,C0076,2025-09-25,kai_lan,1.52,9.86
O00511,C0076,2025-09-16,kai_lan,1.96,12.6
O00512,C0076,2025-07-16,kai_lan,1.06,6.92
O00513,C0076,2025-07-24,chye_sim,3.56,20.34
O00514,C0076,2025-07-09,kai_lan,0.85,6.18
O00515,C0076,2026-02-10,kai_lan,1.52,9.16
O00516,C0076,2026-02-03,lettuce,4.9,21.97
O00517,C0076,2025-12-07,kai_lan,1.06,6.59
O00518,C0076,2025-05-04,kai_lan,2.65,15.74
O00519,C0076,2025-12-12,kai_lan,4.86,31.94
O00520,C0076,2026-01-06,kai_lan,3.62,23.35
O00521,C0076,2025-09-17,chye_sim,4.97,28.44
O00522,C0076,2026-02-05,arugula,1.89,12.35
O00523,C0076,2025-12-23,kai_lan,2.89,17.92
O00524,C0077,2026-01-25,spinach,0.73,4.95
O00525,C0077,2026-01-31,kai_lan,2.77,25.02
O00526,C0077,2026-03-04,kai_lan,0.41,3.46
O00527,C0077,2025-12-12,kai_lan,4.8,45.2
O00528,C0077,2025-11-28,kai_lan,1.79,15.54
O00529,C0077,2025-09-03,spinach,1.0,8.14
O00530,C0077,2025-11-22,kai_lan,0.36,2.91
O00531,C0077,2025-11-06,arugula,0.71,7.03
O00532,C0077,2025-12-11,spinach,2.38,16.5
O00533,C0077,2026-02-22,spinach,4.51,31.09
O00534,C0077,2026-01-17,kai_lan,0.98,7.85
O00535,C0077,2026-03-30,kai_lan,1.88,17.5
O00536,C0077,2026-01-18,kai_lan,2.22,20.67
O00537,C0077,2025-12-04,kai_lan,2.47,21.23
O00538,C0077,2026-04-11,kai_lan,1.17,9.64
O00539,C0077,2026-01-08,kai_lan,4.17,33.54
O00540,C0077,2026-01-16,kai_lan,2.93,24.53
O00541,C0077,2025-08-26,kai_lan,1.71,14.94
O00542,C0078,2025-12-19,chye_sim,11.66,60.86
O00543,C0078,2025-07-22,chye_sim,11.88,61.33
O00544,C0078,2025-06-22,lettuce,14.71,73.77
O00545,C0078,2025-10-24,chye_sim,10.66,63.79
O00546,C0078,2026-03-09,chye_sim,14.74,87.28
O00547,C0078,2025-10-30,chye_sim,10.75,64.04
O00548,C0078,2025-07-14,chye_sim,6.46,35.21
O00549,C0078,2026-04-11,chye_sim,6.63,34.49
O00550,C0079,2026-01-29,spinach,1.66,9.71
O00551,C0079,2026-04-16,kai_lan,1.21,8.11
O00552,C0079,2026-03-03,kai_lan,3.84,25.2
O00553,C0079,2026-03-31,kai_lan,4.27,29.76
O00554,C0079,2025-10-28,kai_lan,3.54,20.75
O00555,C0079,2026-01-15,kai_lan,0.98,5.79
O00556,C0079,2025-10-31,kai_lan,2.58,16.12
O00557,C0079,2026-04-10,kai_lan,1.32,8.61
O00558,C0080,2026-04-10,lettuce,4.21,20.74
O00559,C0080,2026-04-03,chye_sim,4.07,21.95
O00560,C0081,2026-01-31,arugula,2.55,17.56
O00561,C0081,2026-03-04,spinach,2.38,15.4
O00562,C0082,2025-12-13,spinach,1.73,10.64
O00563,C0082,2025-08-20,spinach,4.33,22.94
O00564,C0082,2025-10-15,spinach,1.29,8.32
O00565,C0082,2026-01-24,spinach,3.98,20.77
O00566,C0082,2026-02-23,kai_lan,0.81,5.61
O00567,C0083,2025-07-21,arugula,4.57,29.3
O00568,C0083,2025-11-22,arugula,3.85,29.57
O00569,C0083,2025-10-04,arugula,1.24,9.29
O00570,C0084,2026-02-21,spinach,3.81,20.9
O00571,C0084,2026-03-25,spinach,1.05,6.12
O00572,C0085,2026-01-30,kai_lan,10.7,62.87
O00573,C0085,2026-01-13,lettuce,12.16,66.21
O00574,C0085,2025-06-18,lettuce,14.74,65.25
O00575,C0085,2025-07-10,arugula,9.75,73.52
O00576,C0085,2025-06-25,kai_lan,14.58,87.5
O00577,C0085,2025-09-20,spinach,10.14,57.52
O00578,C0086,2025-07-31,spinach,0.82,4.33
O00579,C0086,2026-03-18,spinach,1.65,10.11
O00580,C0087,2026-02-27,spinach,2.11,15.73
O00581,C0087,2026-02-25,spinach,4.25,29.96
O00582,C0087,2026-03-10,spinach,4.32,30.14
O00583,C0087,2026-01-25,chye_sim,4.71,32.63
O00584,C0088,2026-03-31,lettuce,0.79,3.83
O00585,C0088,2026-03-30,lettuce,0.86,4.11
O00586,C0089,2026-01-19,chye_sim,4.49,22.75
O00587,C0089,2025-09-25,spinach,3.1,20.07
O00588,C0089,2025-05-24,kai_lan,2.3,14.92
O00589,C0089,2026-03-23,lettuce,3.85,20.25
O00590,C0089,2025-10-13,kai_lan,3.43,24.73
O00591,C0089,2025-11-26,kai_lan,0.99,6.38
O00592,C0089,2025-05-24,kai_lan,2.64,17.67
O00593,C0089,2025-05-30,kai_lan,3.77,26.43
O00594,C0089,2025-12-03,kai_lan,4.87,30.76
O00595,C0089,2026-03-05,kai_lan,1.72,11.53
O00596,C0089,2026-04-16,kai_lan,3.83,26.51
O00597,C0089,2025-11-16,kai_lan,3.41,22.13
O00598,C0089,2025-08-03,kai_lan,4.1,26.94
O00599,C0089,2025-04-01,kai_lan,2.32,16.6
O00600,C0089,2025-10-05,kai_lan,4.31,27.62
O00601,C0090,2026-02-18,kai_lan,3.4,23.58
O00602,C0090,2026-04-13,lettuce,0.93,4.8
O00603,C0091,2025-09-15,lettuce,2.61,12.93
O00604,C0091,2026-03-18,lettuce,4.32,21.18
O00605,C0091,2026-02-06,lettuce,3.08,14.64
O00606,C0092,2025-10-19,spinach,5.61,33.27
O00607,C0092,2025-06-26,spinach,12.42,63.86
O00608,C0092,2026-03-08,kai_lan,5.97,37.38
O00609,C0092,2025-10-21,kai_lan,5.56,33.95
O00610,C0092,2025-08-20,kai_lan,10.93,78.01
O00611,C0092,2025-05-25,kai_lan,6.7,43.94
O00612,C0092,2025-05-11,kai_lan,13.63,90.07
O00613,C0092,2025-11-23,kai_lan,11.96,79.38
O00614,C0093,2025-12-24,kai_lan,1.82,10.66
O00615,C0093,2026-01-22,kai_lan,3.47,21.69
O00616,C0093,2026-01-25,lettuce,1.08,5.05
O00617,C0093,2026-01-08,kai_lan,3.29,23.79
O00618,C0094,2026-03-26,lettuce,7.65,35.67
O00619,C0094,2026-03-31,lettuce,7.26,37.64
O00620,C0095,2026-04-01,kai_lan,1.88,10.97
O00621,C0095,2026-03-25,kai_lan,1.29,8.95
O00622,C0096,2025-09-23,arugula,1.71,16.63
O00623,C0096,2025-09-29,arugula,2.19,21.12
O00624,C0096,2025-12-10,arugula,2.87,29.36
O00625,C0096,2026-03-09,arugula,3.01,26.24
O00626,C0096,2025-12-17,arugula,3.3,33.16
O00627,C0096,2025-11-30,chye_sim,0.58,3.86
O00628,C0096,2025-12-14,arugula,1.01,9.85
O00629,C0096,2025-09-22,spinach,4.34,35.98
O00630,C0096,2026-03-12,arugula,2.24,22.58
O00631,C0096,2026-03-18,arugula,3.53,30.93
O00632,C0096,2025-08-22,arugula,1.2,10.56
O00633,C0096,2025-09-27,arugula,2.93,27.02
O00634,C0096,2026-03-19,kai_lan,1.58,11.86
O00635,C0096,2025-09-11,arugula,1.13,11.44
O00636,C0097,2025-11-26,kai_lan,4.51,28.03
O00637,C0097,2025-08-22,arugula,2.21,15.41
O00638,C0097,2026-02-22,spinach,4.25,26.66
O00639,C0097,2025-07-21,kai_lan,3.75,26.92
O00640,C0097,2025-12-15,kai_lan,3.03,20.98
O00641,C0097,2025-12-16,kai_lan,4.46,27.15
O00642,C0098,2026-02-26,arugula,3.05,21.35
O00643,C0098,2026-02-16,kai_lan,0.8,4.86
O00644,C0098,2026-02-21,arugula,1.5,11.0
O00645,C0099,2026-01-28,kai_lan,0.83,5.46
O00646,C0099,2026-03-21,kai_lan,4.83,34.24
O00647,C0099,2025-10-03,kai_lan,3.66,25.65
O00648,C0099,2025-07-31,kai_lan,4.55,26.3
O00649,C0099,2025-08-17,kai_lan,4.01,24.42
O00650,C0099,2026-02-02,kai_lan,4.8,30.2
O00651,C0100,2026-02-06,chye_sim,4.37,26.13
O00652,C0100,2025-09-07,chye_sim,4.82,29.2
O00653,C0100,2025-07-01,chye_sim,4.7,27.45
O00654,C0100,2025-07-23,chye_sim,4.48,27.12
O00655,C0100,2026-01-10,chye_sim,4.12,23.43
O00656,C0100,2026-04-01,chye_sim,4.37,25.91
O00657,C0100,2025-10-30,chye_sim,2.24,13.33
O00658,C0101,2025-10-25,chye_sim,4.17,24.05
O00659,C0101,2025-12-07,lettuce,2.28,11.78
O00660,C0101,2025-12-28,spinach,0.43,2.22
O00661,C0101,2026-02-14,lettuce,2.38,12.08
O00662,C0101,2025-03-24,lettuce,3.25,15.23
O00663,C0101,2025-05-04,lettuce,1.47,7.59
O00664,C0101,2026-02-18,chye_sim,3.52,20.74
O00665,C0101,2025-09-02,lettuce,4.41,19.69
O00666,C0102,2026-03-15,arugula,1.84,12.55
O00667,C0102,2025-12-28,arugula,1.15,9.07
O00668,C0102,2026-04-17,lettuce,0.4,1.72
O00669,C0102,2026-02-27,arugula,3.25,25.65
O00670,C0103,2025-10-30,kai_lan,4.3,24.95
O00671,C0103,2026-02-25,kai_lan,1.0,7.23
O00672,C0103,2025-10-16,kai_lan,3.68,23.53
O00673,C0103,2026-03-10,lettuce,1.36,6.17
O00674,C0103,2025-12-04,kai_lan,2.62,15.53
O00675,C0103,2025-11-03,kai_lan,4.98,30.67
O00676,C0104,2025-07-27,kai_lan,2.22,13.2
O00677,C0104,2025-09-17,spinach,2.42,13.19
O00678,C0104,2026-02-14,kai_lan,2.45,14.07
O00679,C0104,2025-06-29,arugula,2.17,14.53
O00680,C0104,2025-11-04,chye_sim,1.5,7.47
O00681,C0104,2025-05-22,kai_lan,4.68,30.18
O00682,C0104,2025-10-20,arugula,4.85,35.71
O00683,C0104,2025-05-15,kai_lan,2.67,16.87
O00684,C0104,2025-11-10,kai_lan,0.92,6.55
O00685,C0104,2025-05-13,kai_lan,1.52,9.91
O00686,C0104,2025-10-12,kai_lan,1.79,11.73
O00687,C0104,2025-07-03,kai_lan,1.77,12.84
O00688,C0105,2025-12-11,arugula,1.63,12.8
O00689,C0105,2025-12-03,lettuce,2.35,10.58
O00690,C0105,2026-03-29,kai_lan,4.31,29.07
O00691,C0105,2026-03-03,lettuce,1.0,4.58
O00692,C0105,2025-08-08,lettuce,1.07,5.2
O00693,C0105,2025-09-18,arugula,0.49,3.42
O00694,C0106,2026-01-04,spinach,2.62,16.44
O00695,C0106,2025-06-06,spinach,0.74,4.67
O00696,C0106,2025-06-23,chye_sim,4.17,23.26
O00697,C0106,2026-02-25,spinach,3.04,19.65
O00698,C0106,2025-12-17,kai_lan,4.63,28.24
O00699,C0106,2025-12-03,spinach,4.47,22.98
O00700,C0107,2026-04-05,lettuce,2.06,11.11
O00701,C0107,2025-06-15,kai_lan,0.68,4.78
O00702,C0107,2026-03-25,lettuce,3.25,15.06
O00703,C0107,2026-03-24,lettuce,4.86,24.7
O00704,C0107,2025-12-09,lettuce,3.74,19.35
O00705,C0107,2026-02-07,lettuce,4.36,22.9
O00706,C0108,2026-01-09,chye_sim,2.87,16.18
O00707,C0108,2025-11-11,kai_lan,1.14,8.21
O00708,C0108,2026-01-29,kai_lan,4.31,25.73
O00709,C0108,2026-01-30,kai_lan,3.84,25.86
O00710,C0109,2026-02-24,chye_sim,2.33,13.77
O00711,C0109,2026-02-25,lettuce,1.99,8.79
O00712,C0110,2026-01-28,lettuce,2.39,11.41
O00713,C0110,2025-11-26,lettuce,2.29,11.9
O00714,C0111,2025-08-28,arugula,2.34,16.55
O00715,C0111,2025-03-13,arugula,4.87,36.58
O00716,C0111,2026-01-18,arugula,1.03,7.4
O00717,C0111,2026-01-09,arugula,0.69,4.96
O00718,C0111,2025-04-02,lettuce,1.0,4.46
O00719,C0111,2025-07-24,lettuce,1.69,7.38
O00720,C0111,2025-04-01,lettuce,2.7,12.95
O00721,C0111,2025-10-16,arugula,2.97,20.13
O00722,C0111,2025-07-01,arugula,3.91,24.9
O00723,C0112,2026-02-24,kai_lan,4.0,28.1
O00724,C0112,2025-04-15,kai_lan,4.42,27.34
O00725,C0112,2026-01-17,chye_sim,2.41,14.26
O00726,C0112,2025-09-13,arugula,1.18,7.85
O00727,C0112,2026-04-09,spinach,3.47,19.78
O00728,C0112,2025-04-01,kai_lan,0.85,5.08
O00729,C0113,2026-03-13,chye_sim,13.69,83.7
O00730,C0113,2026-03-27,chye_sim,13.13,74.25
O00731,C0113,2026-02-08,kai_lan,6.35,38.22
O00732,C0113,2025-07-29,chye_sim,6.88,33.55
O00733,C0114,2025-10-03,spinach,2.35,14.03
O00734,C0114,2025-10-26,spinach,3.92,20.8
O00735,C0114,2026-02-22,spinach,1.08,5.75
O00736,C0114,2026-03-05,lettuce,4.34,21.71
O00737,C0114,2025-11-01,spinach,4.2,23.72
O00738,C0114,2026-01-07,spinach,3.26,19.89
O00739,C0114,2026-02-18,chye_sim,3.1,17.27
O00740,C0115,2025-10-28,spinach,2.58,19.91
O00741,C0115,2026-03-24,arugula,4.38,38.34
O00742,C0115,2025-11-03,spinach,2.28,16.46
O00743,C0115,2025-11-04,spinach,3.35,27.59
O00744,C0115,2025-11-17,spinach,4.71,34.23
O00745,C0115,2026-04-15,spinach,1.06,8.41
O00746,C0115,2026-02-16,spinach,1.39,9.78
O00747,C0115,2026-04-12,spinach,3.13,25.54
O00748,C0115,2026-04-05,spinach,4.45,35.36
O00749,C0116,2025-12-04,chye_sim,3.75,22.11
O00750,C0116,2026-03-12,kai_lan,1.27,8.66
O00751,C0117,2026-04-12,spinach,1.11,7.71
O00752,C0117,2026-03-20,spinach,2.26,19.02
O00753,C0117,2026-02-24,spinach,2.92,24.63
O00754,C0117,2026-03-03,spinach,1.05,8.5
O00755,C0117,2026-03-22,spinach,0.6,4.44
O00756,C0118,2025-09-15,kai_lan,1.35,8.28
O00757,C0118,2025-11-12,chye_sim,3.92,21.85
O00758,C0118,2025-08-07,arugula,3.14,20.46
O00759,C0118,2025-06-16,spinach,2.45,15.37
O00760,C0118,2025-07-17,chye_sim,3.17,18.91
O00761,C0118,2025-07-13,kai_lan,0.8,5.33
O00762,C0118,2025-09-04,kai_lan,1.67,10.72
O00763,C0119,2026-03-03,kai_lan,3.34,20.86
O00764,C0119,2025-08-30,kai_lan,1.25,9.03
O00765,C0119,2025-06-24,kai_lan,4.1,25.65
O00766,C0119,2026-03-06,kai_lan,1.55,10.6
O00767,C0119,2026-01-19,kai_lan,3.43,20.4
O00768,C0119,2026-03-19,kai_lan,1.37,9.57
O00769,C0119,2026-01-18,arugula,4.77,34.5
O00770,C0119,2025-12-23,spinach,3.92,23.92
O00771,C0119,2026-03-12,kai_lan,1.78,12.91
O00772,C0119,2025-09-13,kai_lan,2.15,12.41
O00773,C0120,2025-07-08,kai_lan,3.27,22.33
O00774,C0120,2026-03-26,arugula,2.27,17.86
O00775,C0120,2026-04-15,spinach,1.73,10.62
O00776,C0120,2025-10-15,spinach,1.61,9.43
O00777,C0120,2025-07-06,spinach,1.26,7.41
O00778,C0120,2026-03-04,spinach,3.58,22.68
O00779,C0121,2026-01-19,chye_sim,1.23,6.43
O00780,C0121,2025-03-11,chye_sim,2.13,12.35
O00781,C0122,2026-02-22,spinach,0.74,4.32
O00782,C0122,2026-02-22,spinach,3.29,16.89
O00783,C0123,2025-11-24,spinach,1.43,8.87
O00784,C0123,2026-02-27,spinach,2.67,16.38
O00785,C0124,2025-11-24,kai_lan,1.97,11.39
O00786,C0124,2026-03-04,spinach,2.99,15.28
O00787,C0124,2025-12-14,chye_sim,4.95,27.64
O00788,C0124,2026-02-26,kai_lan,4.27,25.98
O00789,C0124,2025-12-04,kai_lan,3.99,27.26
O00790,C0125,2025-07-02,lettuce,1.46,6.88
O00791,C0125,2026-02-14,lettuce,3.96,19.19
O00792,C0125,2025-07-06,chye_sim,0.69,3.37
O00793,C0125,2025-06-27,lettuce,2.4,11.38
O00794,C0126,2026-01-13,arugula,2.74,19.22
O00795,C0126,2025-11-03,arugula,3.29,26.52
O00796,C0126,2026-02-26,spinach,1.07,6.19
O00797,C0126,2026-02-24,kai_lan,3.61,25.52
O00798,C0126,2025-08-20,arugula,2.44,15.6
O00799,C0126,2025-09-09,spinach,4.77,28.36
O00800,C0127,2025-09-17,spinach,2.99,15.41
O00801,C0127,2025-09-28,spinach,1.73,9.75
O00802,C0127,2025-11-03,spinach,4.02,21.31
O00803,C0127,2026-01-17,spinach,4.7,26.0
O00804,C0128,2025-12-13,spinach,3.78,25.07
O00805,C0128,2026-03-08,spinach,4.39,32.45
O00806,C0128,2026-03-14,spinach,2.43,17.58
O00807,C0128,2026-01-23,spinach,3.68,28.48
O00808,C0128,2025-11-23,spinach,2.47,18.37
O00809,C0128,2026-02-10,spinach,3.72,25.29
O00810,C0128,2026-03-27,spinach,2.23,15.7
O00811,C0128,2026-01-28,spinach,0.52,4.04
O00812,C0128,2026-02-09,lettuce,4.37,29.22
O00813,C0128,2026-03-14,spinach,3.93,28.25
O00814,C0128,2026-04-02,spinach,2.93,20.45
O00815,C0128,2026-03-26,spinach,3.86,32.31
O00816,C0128,2026-03-01,spinach,2.54,20.95
O00817,C0129,2026-04-11,kai_lan,5.19,36.05
O00818,C0129,2026-02-17,chye_sim,10.8,53.46
O00819,C0130,2025-12-02,arugula,0.51,4.0
O00820,C0130,2025-07-02,arugula,1.15,7.32
O00821,C0130,2026-03-18,arugula,1.51,9.86
O00822,C0131,2026-03-27,kai_lan,0.98,7.77
O00823,C0131,2026-01-28,kai_lan,4.78,42.08
O00824,C0131,2026-01-24,kai_lan,1.83,13.7
O00825,C0131,2026-01-24,kai_lan,0.76,5.9
O00826,C0131,2026-02-27,kai_lan,4.73,43.76
O00827,C0131,2026-01-23,kai_lan,3.84,33.08
O00828,C0131,2026-03-21,kai_lan,2.67,25.0
O00829,C0132,2025-11-03,spinach,2.9,15.06
O00830,C0132,2025-10-26,spinach,1.4,8.86
O00831,C0132,2025-12-26,spinach,3.06,16.02
O00832,C0132,2026-03-10,spinach,0.89,5.25
O00833,C0132,2026-02-10,spinach,3.29,17.71
O00834,C0132,2025-11-24,spinach,4.93,30.54
O00835,C0133,2026-01-23,lettuce,0.5,2.61
O00836,C0133,2025-11-16,spinach,1.09,5.64
O00837,C0133,2026-02-22,spinach,1.48,8.95
O00838,C0133,2025-12-17,kai_lan,4.25,26.18
O00839,C0133,2025-09-11,lettuce,1.71,8.18
O00840,C0133,2025-08-22,chye_sim,4.99,29.96
O00841,C0134,2026-03-27,spinach,3.51,19.57
O00842,C0134,2026-01-23,chye_sim,1.58,9.05
O00843,C0135,2025-12-15,arugula,4.81,33.19
O00844,C0135,2026-03-15,arugula,4.63,34.24
O00845,C0136,2026-04-14,spinach,1.12,6.56
O00846,C0136,2026-04-01,chye_sim,2.83,16.63
O00847,C0137,2026-03-21,chye_sim,0.45,2.65
O00848,C0137,2026-03-31,chye_sim,0.88,5.39
O00849,C0137,2025-10-31,spinach,1.13,6.99
O00850,C0137,2026-04-13,kai_lan,2.04,12.29
O00851,C0138,2026-03-02,chye_sim,3.5,26.27
O00852,C0138,2026-02-28,spinach,3.18,22.87
O00853,C0138,2026-04-02,spinach,4.91,41.14
O00854,C0139,2026-03-05,kai_lan,3.61,31.27
O00855,C0139,2026-02-16,kai_lan,4.16,34.27
O00856,C0139,2026-04-12,kai_lan,2.65,20.63
O00857,C0139,2026-02-28,kai_lan,2.96,26.1
O00858,C0140,2025-08-19,arugula,0.9,5.82
O00859,C0140,2025-10-01,arugula,4.44,33.73
O00860,C0140,2025-10-09,arugula,3.49,28.07
O00861,C0140,2026-02-18,arugula,3.5,27.51
O00862,C0140,2025-05-23,lettuce,4.73,20.69
O00863,C0140,2025-11-03,arugula,4.98,33.89
O00864,C0140,2026-02-11,arugula,2.0,15.29
O00865,C0140,2025-09-13,arugula,4.62,33.5
O00866,C0140,2025-10-30,arugula,1.21,7.87
O00867,C0140,2026-03-10,arugula,1.36,10.24
O00868,C0140,2025-06-29,kai_lan,1.85,10.75
O00869,C0140,2026-04-07,arugula,2.56,19.76
O00870,C0140,2026-03-21,arugula,4.25,28.75
O00871,C0140,2026-01-19,arugula,1.9,12.23
O00872,C0141,2026-01-30,arugula,3.95,37.99
O00873,C0141,2026-04-02,spinach,2.4,16.46
O00874,C0141,2025-10-04,spinach,4.48,35.37
O00875,C0141,2026-04-07,spinach,4.62,34.35
O00876,C0141,2025-12-05,spinach,2.33,15.89
O00877,C0141,2025-10-03,spinach,1.69,12.35
O00878,C0141,2025-10-13,spinach,2.23,18.3
O00879,C0141,2026-04-08,spinach,0.35,2.56
O00880,C0141,2026-04-10,spinach,3.21,21.92
O00881,C0142,2026-04-02,spinach,1.84,12.87
O00882,C0142,2025-06-13,spinach,3.65,28.15
O00883,C0142,2025-07-30,kai_lan,2.69,21.96
O00884,C0142,2025-12-24,spinach,1.44,11.65
O00885,C0142,2025-05-22,spinach,3.05,23.05
O00886,C0142,2026-03-21,spinach,4.46,35.86
O00887,C0142,2025-07-06,spinach,3.14,22.46
O00888,C0142,2025-04-26,spinach,3.39,23.39
O00889,C0142,2025-08-21,spinach,4.23,34.6
O00890,C0142,2025-11-24,spinach,4.89,38.11
O00891,C0142,2025-08-03,spinach,3.44,27.14
O00892,C0142,2025-12-17,spinach,1.86,14.26
O00893,C0142,2025-10-10,spinach,2.27,15.71
O00894,C0142,2025-12-10,arugula,2.63,27.11
O00895,C0142,2026-03-15,spinach,1.38,10.73
O00896,C0142,2025-08-22,spinach,3.91,31.72
O00897,C0142,2025-10-31,spinach,1.17,9.82
O00898,C0142,2025-10-24,spinach,1.98,15.14
O00899,C0142,2025-07-03,spinach,1.21,9.34
O00900,C0142,2025-10-23,spinach,0.44,3.07
O00901,C0142,2025-07-20,spinach,1.53,10.64
O00902,C0142,2026-01-30,spinach,1.22,8.49
O00903,C0142,2025-09-03,kai_lan,3.48,28.58
O00904,C0142,2025-06-17,spinach,1.29,9.61
O00905,C0143,2026-04-14,arugula,1.11,8.01
O00906,C0143,2026-04-11,arugula,4.43,28.56
O00907,C0143,2025-10-25,kai_lan,1.19,7.8
O00908,C0143,2026-03-15,arugula,3.12,25.02
O00909,C0143,2025-11-20,chye_sim,3.06,18.26
O00910,C0143,2025-12-03,spinach,0.55,3.42
O00911,C0143,2025-10-21,arugula,4.46,29.89
O00912,C0143,2025-10-09,chye_sim,3.19,16.14
O00913,C0143,2025-12-27,lettuce,2.69,13.19
O00914,C0144,2025-10-20,spinach,2.06,16.24
O00915,C0144,2026-03-31,spinach,3.03,23.62
O00916,C0144,2025-08-08,spinach,4.51,33.58
O00917,C0144,2025-11-18,spinach,1.74,14.33
O00918,C0144,2025-10-09,spinach,2.89,19.86
O00919,C0144,2025-09-02,spinach,2.74,19.31
O00920,C0144,2025-08-11,spinach,3.22,23.84
O00921,C0144,2026-03-17,spinach,2.03,15.28
O00922,C0144,2025-12-07,spinach,1.14,8.07
O00923,C0144,2025-08-28,spinach,0.69,5.61
O00924,C0144,2026-04-09,spinach,0.67,4.76
O00925,C0144,2025-11-14,spinach,0.64,4.26
O00926,C0144,2025-10-31,spinach,3.47,24.62
O00927,C0144,2025-12-08,spinach,3.14,21.61
O00928,C0144,2025-12-01,spinach,1.71,13.87
O00929,C0144,2026-02-12,chye_sim,3.86,24.38
O00930,C0144,2026-04-09,arugula,4.37,38.21
O00931,C0144,2025-11-05,spinach,2.72,21.95
O00932,C0144,2026-03-17,spinach,4.02,28.97
O00933,C0144,2025-10-25,spinach,4.73,34.94
O00934,C0144,2026-03-02,spinach,2.92,21.39
O00935,C0145,2025-07-26,kai_lan,12.38,80.45
O00936,C0145,2025-11-19,kai_lan,9.19,62.41
O00937,C0145,2025-12-14,chye_sim,8.0,44.9
O00938,C0145,2026-03-08,arugula,6.54,52.18
O00939,C0145,2025-11-07,kai_lan,12.99,92.83
O00940,C0145,2026-03-11,arugula,7.04,49.37
O00941,C0145,2026-02-19,kai_lan,9.75,60.76
O00942,C0146,2025-12-23,spinach,0.79,6.03
O00943,C0146,2025-08-06,lettuce,0.43,2.52
O00944,C0146,2026-02-03,spinach,1.4,10.92
O00945,C0146,2025-08-25,spinach,2.03,13.53
O00946,C0146,2026-01-04,spinach,1.04,7.1
O00947,C0146,2026-02-20,spinach,0.62,5.21
O00948,C0146,2025-11-03,spinach,1.27,9.4
O00949,C0146,2026-03-21,spinach,3.0,21.61
O00950,C0146,2025-11-01,spinach,3.52,25.1
O00951,C0146,2025-07-24,spinach,4.18,32.28
O00952,C0147,2026-04-01,arugula,2.98,27.79
O00953,C0147,2026-03-16,arugula,3.77,33.45
O00954,C0147,2026-03-14,arugula,4.26,42.68
O00955,C0147,2026-02-26,arugula,4.11,35.44
O00956,C0147,2026-01-20,arugula,3.2,29.49
O00957,C0147,2026-02-24,kai_lan,2.97,24.48
O00958,C0147,2025-11-29,arugula,4.39,38.87
O00959,C0147,2026-04-04,arugula,4.61,45.17
O00960,C0147,2026-01-12,spinach,3.88,26.6
O00961,C0147,2026-02-20,arugula,0.79,7.91
O00962,C0148,2026-01-01,kai_lan,1.49,9.69
O00963,C0148,2026-01-15,kai_lan,3.3,22.37
O00964,C0149,2026-02-01,arugula,2.18,14.52
O00965,C0149,2025-08-09,arugula,0.84,6.65
O00966,C0149,2026-01-04,arugula,2.48,17.7
O00967,C0150,2026-03-28,chye_sim,3.65,19.8
O00968,C0150,2026-03-18,chye_sim,1.1,5.36
O00969,C0151,2026-02-08,arugula,2.81,19.72
O00970,C0151,2026-01-26,arugula,0.35,2.4
O00971,C0152,2026-01-20,spinach,3.66,30.18
O00972,C0152,2025-11-08,spinach,0.52,4.08
O00973,C0152,2026-04-14,spinach,3.67,30.28
O00974,C0152,2026-02-05,spinach,2.39,18.42
O00975,C0152,2025-08-14,chye_sim,4.67,32.35
O00976,C0152,2025-11-20,spinach,0.38,2.51
O00977,C0152,2025-07-28,spinach,1.2,9.44
O00978,C0152,2025-11-10,kai_lan,4.23,37.12
O00979,C0152,2025-10-14,spinach,2.71,21.97
O00980,C0152,2026-01-02,spinach,1.19,8.35
O00981,C0152,2026-02-08,kai_lan,1.3,10.65
O00982,C0152,2025-10-17,spinach,3.37,22.46
O00983,C0152,2025-11-06,spinach,0.61,4.95
O00984,C0152,2026-01-25,spinach,4.46,32.92
O00985,C0152,2026-04-02,kai_lan,2.82,26.63
O00986,C0152,2025-10-16,spinach,0.75,5.38
O00987,C0152,2026-02-04,spinach,4.87,38.43
O00988,C0152,2026-01-07,spinach,3.88,30.57
O00989,C0153,2025-12-24,kai_lan,0.38,2.74
O00990,C0153,2025-12-07,kai_lan,3.31,20.14
O00991,C0153,2026-02-16,kai_lan,0.4,2.76
O00992,C0153,2025-06-24,kai_lan,3.77,26.01
O00993,C0154,2025-07-01,kai_lan,2.06,12.74
O00994,C0154,2025-08-07,kai_lan,3.32,20.21
O00995,C0154,2026-03-24,spinach,4.42,23.4
O00996,C0154,2025-10-31,kai_lan,3.87,25.31
O00997,C0154,2025-12-20,kai_lan,1.66,9.53
O00998,C0154,2025-11-07,kai_lan,1.27,7.36
O00999,C0154,2025-09-26,chye_sim,1.35,8.06
O01000,C0154,2026-02-12,kai_lan,2.38,13.63
O01001,C0154,2026-01-28,kai_lan,1.2,8.08
O01002,C0155,2026-04-17,kai_lan,0.73,6.32
O01003,C0155,2026-04-03,kai_lan,2.68,22.29
O01004,C0155,2026-02-15,kai_lan,3.69,29.29
O01005,C0155,2026-01-09,kai_lan,1.72,14.84
O01006,C0155,2026-03-09,kai_lan,4.35,36.62
O01007,C0155,2026-02-02,kai_lan,1.09,9.07
O01008,C0155,2026-02-20,kai_lan,2.34,18.12
O01009,C0156,2025-10-25,kai_lan,2.09,19.19
O01010,C0156,2026-03-16,spinach,2.82,21.57
O01011,C0156,2025-05-21,kai_lan,2.48,20.72
O01012,C0156,2025-09-01,kai_lan,2.56,20.77
O01013,C0156,2026-02-22,kai_lan,1.03,8.03
O01014,C0156,2025-02-27,chye_sim,2.06,14.38
O01015,C0156,2025-09-21,arugula,2.05,19.18
O01016,C0156,2026-01-15,kai_lan,4.46,42.14
O01017,C0156,2025-04-25,kai_lan,2.96,23.16
O01018,C0156,2025-10-02,chye_sim,3.83,26.41
O01019,C0156,2026-02-19,kai_lan,3.54,31.29
O01020,C0156,2026-01-20,kai_lan,2.29,18.2
O01021,C0156,2025-10-23,kai_lan,4.12,35.92
O01022,C0156,2026-02-02,kai_lan,3.43,26.52
O01023,C0156,2025-12-27,kai_lan,3.5,27.84
O01024,C0156,2025-12-26,kai_lan,3.41,26.51
O01025,C0156,2025-04-21,lettuce,4.61,28.64
O01026,C0156,2025-12-18,kai_lan,4.58,42.16
O01027,C0156,2025-05-16,spinach,1.72,14.43
O01028,C0156,2026-01-24,lettuce,3.75,25.33
O01029,C0156,2026-02-28,kai_lan,2.99,27.08
O01030,C0156,2026-04-13,kai_lan,3.82,35.6
O01031,C0156,2025-09-12,kai_lan,0.33,2.57
O01032,C0156,2025-10-30,kai_lan,0.63,5.56
O01033,C0156,2025-11-16,kai_lan,1.66,13.75
O01034,C0157,2026-02-03,spinach,0.93,5.38
O01035,C0157,2026-02-20,spinach,4.13,22.13
O01036,C0157,2025-12-25,chye_sim,1.2,7.38
O01037,C0157,2026-04-08,spinach,3.25,19.39
O01038,C0158,2025-07-16,spinach,0.7,3.71
O01039,C0158,2025-05-24,spinach,3.05,17.61
O01040,C0158,2026-04-01,kai_lan,1.55,11.18
O01041,C0158,2026-03-28,spinach,4.94,25.89
O01042,C0158,2026-01-14,spinach,2.74,17.68
O01043,C0158,2025-09-05,lettuce,1.88,9.08
O01044,C0159,2026-03-12,arugula,4.14,32.96
O01045,C0159,2026-03-08,spinach,3.17,20.49
O01046,C0159,2025-12-12,kai_lan,4.39,27.87
O01047,C0160,2025-12-21,kai_lan,4.38,26.99
O01048,C0160,2026-03-17,spinach,2.42,14.69
O01049,C0161,2026-04-10,lettuce,1.18,6.47
O01050,C0161,2026-01-01,lettuce,1.99,8.7
O01051,C0161,2026-01-03,lettuce,1.4,6.82
O01052,C0162,2026-01-30,spinach,4.71,39.31
O01053,C0162,2025-11-21,arugula,4.55,45.03
O01054,C0162,2025-08-20,spinach,3.65,29.93
O01055,C0162,2026-01-09,chye_sim,0.45,3.21
O01056,C0162,2025-05-06,spinach,3.46,26.42
O01057,C0162,2025-11-17,spinach,2.4,16.41
O01058,C0162,2026-02-25,spinach,1.44,10.03
O01059,C0162,2026-02-23,spinach,0.8,6.71
O01060,C0162,2025-04-06,spinach,4.67,38.58
O01061,C0162,2025-08-13,spinach,1.51,11.33
O01062,C0162,2026-03-01,spinach,0.94,7.13
O01063,C0162,2026-03-29,spinach,4.04,29.23
O01064,C0162,2025-07-15,chye_sim,3.12,23.1
O01065,C0162,2025-10-02,chye_sim,3.71,27.49
O01066,C0162,2026-01-04,spinach,1.4,9.92
O01067,C0162,2025-08-18,spinach,0.72,5.73
O01068,C0162,2025-06-27,kai_lan,2.03,18.59
O01069,C0162,2025-10-03,spinach,0.31,2.08
O01070,C0162,2025-12-22,spinach,2.12,15.72
O01071,C0163,2025-08-26,arugula,0.89,6.69
O01072,C0163,2025-12-20,lettuce,2.16,10.67
O01073,C0163,2025-10-14,lettuce,4.14,19.28
O01074,C0163,2025-06-13,lettuce,2.44,12.26
O01075,C0163,2025-05-06,chye_sim,4.19,20.47
O01076,C0163,2025-08-03,lettuce,4.95,22.08
O01077,C0163,2026-02-17,lettuce,3.27,14.91
O01078,C0163,2025-07-20,spinach,4.91,27.35
O01079,C0163,2026-02-22,lettuce,3.74,19.71
O01080,C0164,2026-04-03,kai_lan,4.37,26.2
O01081,C0164,2025-11-27,spinach,4.13,26.33
O01082,C0164,2025-06-12,lettuce,1.89,9.64
O01083,C0164,2025-09-17,spinach,2.78,15.29
O01084,C0164,2026-03-14,chye_sim,2.88,14.29
O01085,C0164,2025-09-04,lettuce,4.08,21.69
O01086,C0165,2025-08-25,kai_lan,1.07,8.25
O01087,C0165,2026-03-14,kai_lan,4.52,35.51
O01088,C0165,2026-04-10,kai_lan,3.36,27.46
O01089,C0165,2026-01-11,kai_lan,3.99,36.63
O01090,C0165,2025-10-01,spinach,4.26,35.37
O01091,C0165,2025-05-11,kai_lan,2.53,23.64
O01092,C0165,2025-05-22,lettuce,3.09,21.89
O01093,C0165,2026-02-07,spinach,0.86,6.31
O01094,C0165,2025-08-24,kai_lan,4.79,41.93
O01095,C0165,2025-10-01,arugula,3.45,29.13
O01096,C0165,2025-11-15,lettuce,1.59,10.52
O01097,C0165,2025-09-27,kai_lan,0.85,6.52
O01098,C0165,2026-02-14,kai_lan,2.7,20.17
O01099,C0165,2026-01-10,lettuce,3.56,20.47
O01100,C0165,2026-01-20,kai_lan,2.58,22.52
O01101,C0166,2025-11-04,kai_lan,0.77,5.81
O01102,C0166,2026-04-09,lettuce,2.21,14.72
O01103,C0166,2025-11-28,kai_lan,2.82,25.62
O01104,C0166,2025-12-23,kai_lan,4.23,36.12
O01105,C0166,2026-03-17,kai_lan,3.84,36.07
O01106,C0166,2026-04-06,kai_lan,4.35,38.49
O01107,C0166,2025-08-21,kai_lan,4.06,31.22
O01108,C0166,2025-09-21,kai_lan,3.37,25.64
O01109,C0166,2025-10-24,kai_lan,4.91,41.51
O01110,C0166,2025-11-21,kai_lan,4.89,42.91
O01111,C0167,2026-02-02,kai_lan,4.75,33.84
O01112,C0167,2026-02-01,kai_lan,2.39,15.83
O01113,C0168,2025-08-30,spinach,4.93,35.88
O01114,C0168,2025-12-23,spinach,3.53,27.68
O01115,C0168,2025-04-14,spinach,1.18,8.5
O01116,C0168,2025-07-11,lettuce,1.32,8.1
O01117,C0168,2025-05-27,spinach,2.88,20.5
O01118,C0168,2026-02-18,spinach,0.69,4.9
O01119,C0168,2025-10-26,kai_lan,1.26,10.96
O01120,C0168,2025-08-07,chye_sim,1.21,8.35
O01121,C0168,2026-02-22,spinach,2.7,18.74
O01122,C0168,2025-06-09,spinach,4.0,29.3
O01123,C0168,2026-01-26,spinach,1.57,11.92
O01124,C0168,2026-03-08,spinach,0.61,4.75
O01125,C0168,2025-09-24,chye_sim,0.99,7.57
O01126,C0168,2025-08-10,spinach,2.07,17.39
O01127,C0168,2025-10-02,chye_sim,0.88,6.34
O01128,C0168,2025-08-26,spinach,4.09,27.86
O01129,C0168,2025-09-17,arugula,2.89,27.77
O01130,C0169,2026-02-26,spinach,3.83,20.53
O01131,C0169,2026-04-08,arugula,2.8,20.61
O01132,C0170,2025-12-20,chye_sim,7.59,43.62
O01133,C0170,2026-02-18,chye_sim,6.26,33.45
O01134,C0170,2026-02-24,chye_sim,14.18,80.62
O01135,C0170,2025-11-22,spinach,11.09,67.5
O01136,C0171,2026-02-12,chye_sim,10.02,52.16
O01137,C0171,2026-02-10,kai_lan,12.18,87.26
O01138,C0172,2026-02-04,lettuce,5.87,27.42
O01139,C0172,2026-02-06,lettuce,5.77,26.49
O01140,C0173,2026-02-07,spinach,0.7,3.84
O01141,C0173,2026-03-21,kai_lan,4.76,32.24
O01142,C0174,2025-05-31,kai_lan,10.15,73.86
O01143,C0174,2025-12-20,kai_lan,9.05,60.5
O01144,C0174,2026-04-08,kai_lan,9.25,60.62
O01145,C0174,2025-09-15,kai_lan,12.39,89.25
O01146,C0174,2025-12-18,kai_lan,5.42,34.82
O01147,C0174,2025-06-17,kai_lan,13.82,90.33
O01148,C0174,2025-07-16,kai_lan,8.67,51.4
O01149,C0174,2025-09-19,spinach,8.79,49.44
O01150,C0175,2026-03-01,spinach,10.39,64.12
O01151,C0175,2026-02-01,chye_sim,9.83,51.02
O01152,C0176,2026-04-04,spinach,2.15,13.74
O01153,C0176,2026-04-16,lettuce,4.18,18.2
O01154,C0177,2026-03-27,arugula,0.33,2.34
O01155,C0177,2025-12-20,arugula,0.32,2.55
O01156,C0177,2025-10-24,arugula,0.34,2.42
O01157,C0177,2025-10-30,arugula,2.72,17.94
O01158,C0177,2025-09-22,kai_lan,3.92,23.93
O01159,C0177,2026-03-18,arugula,1.71,12.08
O01160,C0178,2026-02-24,kai_lan,2.36,16.6
O01161,C0178,2026-01-07,spinach,3.81,19.48
O01162,C0179,2025-07-02,spinach,1.64,8.67
O01163,C0179,2025-10-24,arugula,1.05,7.04
O01164,C0179,2025-11-23,arugula,0.86,6.16
O01165,C0179,2025-12-01,chye_sim,1.83,10.69
O01166,C0179,2025-10-13,spinach,4.64,29.13
O01167,C0179,2025-10-08,spinach,4.8,29.8
O01168,C0179,2025-05-26,spinach,2.65,16.36
O01169,C0179,2025-07-22,spinach,4.2,23.95
O01170,C0180,2025-05-26,kai_lan,1.66,10.76
O01171,C0180,2025-12-27,kai_lan,1.02,6.63
O01172,C0180,2025-09-26,kai_lan,0.84,5.15
O01173,C0180,2025-09-25,kai_lan,2.32,14.97
O01174,C0180,2025-07-13,lettuce,1.15,6.31
O01175,C0181,2026-04-09,arugula,1.38,9.05
O01176,C0181,2025-06-10,arugula,1.2,7.93
O01177,C0181,2025-05-31,arugula,0.73,4.67
O01178,C0182,2026-01-01,arugula,3.28,22.07
O01179,C0182,2025-11-14,arugula,0.59,4.16
O01180,C0182,2025-09-02,arugula,1.57,10.68
O01181,C0182,2025-11-17,spinach,4.51,24.14
O01182,C0183,2026-02-19,chye_sim,1.81,9.45
O01183,C0183,2026-03-05,kai_lan,1.17,8.41
O01184,C0184,2025-12-13,spinach,0.76,5.03
O01185,C0184,2026-02-07,kai_lan,1.99,18.11
O01186,C0184,2026-03-28,lettuce,2.05,13.51
O01187,C0184,2025-11-11,spinach,0.71,4.85
O01188,C0184,2026-02-27,kai_lan,3.06,28.39
O01189,C0184,2026-03-05,kai_lan,2.4,18.29
O01190,C0184,2026-02-05,spinach,1.72,12.87
O01191,C0184,2026-04-01,spinach,3.69,24.76
O01192,C0184,2025-11-07,spinach,3.64,30.06
O01193,C0185,2025-12-04,arugula,2.41,18.24
O01194,C0185,2025-10-02,spinach,2.27,14.52
O01195,C0185,2025-11-05,kai_lan,1.59,11.48
O01196,C0185,2025-07-19,spinach,2.96,18.39
O01197,C0185,2026-02-11,spinach,4.13,23.92
O01198,C0185,2025-11-20,arugula,1.08,8.23
O01199,C0185,2025-09-05,spinach,2.13,12.7
O01200,C0186,2026-01-04,lettuce,2.99,14.96
O01201,C0186,2025-11-20,chye_sim,2.44,14.09
O01202,C0186,2026-04-01,lettuce,4.31,20.07
O01203,C0187,2026-03-09,chye_sim,7.24,40.14
O01204,C0187,2026-01-01,chye_sim,6.48,38.93
O01205,C0187,2025-11-22,chye_sim,12.91,73.41
O01206,C0188,2026-01-10,kai_lan,0.31,2.5
O01207,C0188,2026-02-20,kai_lan,4.75,43.82
O01208,C0188,2026-01-24,spinach,3.17,22.92
O01209,C0188,2025-12-02,kai_lan,0.35,2.85
O01210,C0188,2026-01-28,kai_lan,4.87,41.49
O01211,C0189,2026-03-27,lettuce,3.7,18.93
O01212,C0189,2026-01-21,lettuce,3.24,16.29
O01213,C0190,2026-03-11,kai_lan,1.56,10.36
O01214,C0190,2026-02-27,kai_lan,1.39,9.52
O01215,C0191,2025-10-26,kai_lan,1.15,6.93
O01216,C0191,2025-11-03,chye_sim,2.61,15.12
O01217,C0192,2025-09-13,spinach,1.07,5.7
O01218,C0192,2025-11-09,spinach,1.18,6.27
O01219,C0192,2025-11-26,spinach,4.57,29.52
O01220,C0192,2025-06-12,kai_lan,3.83,21.96
O01221,C0192,2025-06-12,spinach,0.4,2.49
O01222,C0192,2026-03-17,kai_lan,3.92,24.06
O01223,C0193,2026-02-23,kai_lan,4.84,34.93
O01224,C0193,2025-06-15,kai_lan,4.15,29.23
O01225,C0193,2025-06-04,kai_lan,2.56,16.88
O01226,C0193,2025-12-05,spinach,2.55,13.89
O01227,C0194,2025-11-04,spinach,0.88,5.49
O01228,C0194,2025-08-12,spinach,0.78,4.96
O01229,C0194,2026-01-19,spinach,4.59,23.57
O01230,C0194,2026-01-25,spinach,1.96,10.79
O01231,C0194,2026-01-03,spinach,3.66,23.27
O01232,C0194,2026-02-27,spinach,0.82,4.29
O01233,C0195,2026-01-18,kai_lan,1.87,11.74
O01234,C0195,2025-11-09,lettuce,1.14,5.61
O01235,C0195,2026-03-21,kai_lan,2.3,16.35
O01236,C0196,2025-09-23,spinach,1.65,10.43
O01237,C0196,2025-09-07,lettuce,4.68,24.67
O01238,C0197,2025-05-01,arugula,4.9,37.61
O01239,C0197,2025-06-06,lettuce,2.14,11.02
O01240,C0198,2025-10-23,kai_lan,2.31,15.83
O01241,C0198,2025-05-06,spinach,4.98,26.65
O01242,C0198,2025-09-06,spinach,2.62,15.14
O01243,C0198,2025-09-20,spinach,3.29,17.44
O01244,C0198,2026-01-21,spinach,2.88,16.87
O01245,C0198,2025-10-31,spinach,4.16,23.46
O01246,C0198,2025-12-15,lettuce,3.95,20.8
O01247,C0199,2025-12-10,chye_sim,0.31,1.93
O01248,C0199,2025-11-22,chye_sim,2.53,12.68
O01249,C0199,2025-12-16,chye_sim,1.94,11.57
O01250,C0200,2026-04-16,kai_lan,9.6,67.45
O01251,C0200,2025-11-30,arugula,7.42,57.67
O01252,C0200,2025-03-21,kai_lan,11.96,71.07
O01253,C0200,2026-03-03,kai_lan,14.65,92.29
O01254,C0201,2025-05-16,kai_lan,0.65,4.54
O01255,C0201,2025-06-11,kai_lan,2.02,11.78
O01256,C0201,2025-05-01,kai_lan,4.21,26.79
O01257,C0201,2025-06-24,kai_lan,0.96,6.27
O01258,C0201,2025-08-23,kai_lan,3.7,23.7
O01259,C0201,2026-02-16,kai_lan,1.65,9.83
O01260,C0202,2025-05-08,spinach,1.12,5.94
O01261,C0202,2025-11-10,chye_sim,4.42,24.61
O01262,C0203,2026-03-14,spinach,3.63,20.69
O01263,C0203,2025-11-28,spinach,0.73,4.12
O01264,C0204,2026-03-23,lettuce,3.21,14.67
O01265,C0204,2026-01-10,arugula,3.14,20.34
O01266,C0205,2025-11-17,kai_lan,11.53,73.22
O01267,C0205,2025-10-03,kai_lan,13.03,87.7
O01268,C0205,2025-06-30,kai_lan,6.04,37.99
O01269,C0205,2025-09-10,kai_lan,7.82,51.35
O01270,C0206,2026-02-13,arugula,3.86,34.44
O01271,C0206,2026-03-28,arugula,4.67,40.96
O01272,C0206,2026-01-27,lettuce,2.95,20.1
O01273,C0206,2026-01-22,arugula,0.74,6.59
O01274,C0206,2026-03-03,arugula,2.65,23.71
O01275,C0206,2026-03-08,arugula,3.6,30.46
O01276,C0207,2026-04-06,kai_lan,4.1,24.38
O01277,C0207,2026-01-17,lettuce,4.38,19.09
O01278,C0207,2025-09-30,lettuce,2.48,13.26
O01279,C0207,2025-09-12,spinach,1.31,7.95
O01280,C0207,2025-09-25,kai_lan,4.83,31.51
O01281,C0208,2026-01-28,spinach,4.67,26.07
O01282,C0208,2025-05-29,spinach,1.99,12.55
O01283,C0209,2025-08-30,chye_sim,2.12,10.85
O01284,C0209,2026-01-23,kai_lan,4.8,31.72
O01285,C0210,2025-09-08,kai_lan,4.39,37.52
O01286,C0210,2025-09-03,arugula,2.44,21.01
O01287,C0210,2025-12-19,arugula,1.62,14.63
O01288,C0210,2025-09-04,arugula,3.64,33.75
O01289,C0210,2026-03-20,chye_sim,2.38,18.73
O01290,C0210,2025-09-22,lettuce,2.01,12.14
O01291,C0210,2026-02-15,arugula,0.91,8.21
O01292,C0210,2025-12-28,arugula,3.51,32.87
O01293,C0210,2025-12-02,arugula,0.5,5.22
O01294,C0210,2025-08-19,spinach,4.16,27.66
O01295,C0210,2025-09-12,arugula,1.04,9.53
O01296,C0210,2025-08-27,arugula,4.41,42.94
O01297,C0210,2026-01-15,arugula,3.32,34.06
O01298,C0210,2026-03-16,arugula,1.15,9.73
O01299,C0210,2026-02-09,kai_lan,1.84,14.91
O01300,C0211,2026-01-25,lettuce,3.78,16.83
O01301,C0211,2026-01-09,lettuce,1.03,5.02
O01302,C0211,2026-04-14,lettuce,2.97,16.26
O01303,C0211,2025-12-02,lettuce,4.1,21.49
O01304,C0211,2026-01-19,lettuce,1.29,5.61
O01305,C0212,2026-02-06,spinach,1.48,7.94
O01306,C0212,2025-05-04,spinach,2.2,12.16
O01307,C0212,2026-02-20,spinach,2.27,12.28
O01308,C0212,2025-07-03,spinach,0.55,3.51
O01309,C0212,2025-09-28,spinach,3.84,20.48
O01310,C0212,2025-08-18,lettuce,2.82,14.74
O01311,C0212,2026-02-12,spinach,4.59,27.07
O01312,C0212,2025-02-26,spinach,4.5,24.22
O01313,C0212,2026-02-26,spinach,3.2,17.76
O01314,C0213,2026-04-07,chye_sim,0.37,2.21
O01315,C0213,2025-06-06,lettuce,1.79,9.37
O01316,C0214,2025-11-16,spinach,3.69,23.94
O01317,C0214,2025-06-25,spinach,3.3,19.52
O01318,C0215,2026-03-01,kai_lan,3.57,24.76
O01319,C0215,2026-03-26,kai_lan,1.94,13.95
O01320,C0216,2026-02-11,spinach,2.01,11.1
O01321,C0216,2025-09-26,arugula,4.38,33.03
O01322,C0216,2026-03-20,spinach,1.95,12.22
O01323,C0216,2025-11-26,arugula,3.9,25.45
O01324,C0216,2025-07-21,arugula,2.05,14.97
O01325,C0216,2025-07-14,arugula,2.09,16.32
O01326,C0216,2026-04-09,arugula,3.28,24.76
O01327,C0216,2025-06-11,chye_sim,0.79,4.49
O01328,C0217,2025-12-18,spinach,3.82,22.84
O01329,C0217,2026-02-24,spinach,2.39,14.12
O01330,C0218,2026-03-30,kai_lan,9.21,55.86
O01331,C0218,2026-03-17,kai_lan,6.15,43.36
O01332,C0219,2026-03-02,arugula,9.13,70.79
O01333,C0219,2026-04-17,spinach,14.4,89.15
O01334,C0220,2025-11-13,kai_lan,11.59,71.83
O01335,C0220,2026-01-19,kai_lan,5.04,35.99
O01336,C0220,2025-07-07,kai_lan,6.53,41.19
O01337,C0220,2026-03-13,lettuce,8.35,45.43
O01338,C0220,2026-01-27,kai_lan,14.73,88.71
O01339,C0220,2026-01-08,chye_sim,10.78,54.0
O01340,C0221,2025-11-07,kai_lan,4.55,38.6
O01341,C0221,2025-12-01,spinach,3.64,24.96
O01342,C0221,2025-06-21,spinach,3.99,32.53
O01343,C0221,2026-03-09,chye_sim,1.05,7.17
O01344,C0221,2025-06-08,spinach,2.36,18.31
O01345,C0221,2026-02-19,spinach,3.21,24.42
O01346,C0221,2025-06-01,spinach,0.42,3.34
O01347,C0221,2025-12-10,spinach,3.95,27.58
O01348,C0221,2026-03-22,spinach,2.82,19.94
O01349,C0221,2025-11-01,lettuce,1.59,11.2
O01350,C0221,2026-03-09,spinach,4.93,40.43
O01351,C0221,2025-06-17,spinach,3.1,21.17
O01352,C0221,2025-09-13,spinach,1.15,7.78
O01353,C0221,2025-10-24,kai_lan,0.77,7.0
O01354,C0221,2025-11-19,spinach,4.81,32.57
O01355,C0221,2026-04-08,spinach,4.48,34.87
O01356,C0221,2025-12-08,kai_lan,0.35,2.71
O01357,C0221,2026-02-06,spinach,4.32,29.56
O01358,C0221,2025-10-14,lettuce,3.19,20.52
O01359,C0221,2025-07-12,spinach,1.5,10.26
O01360,C0221,2026-02-26,spinach,0.41,3.09
O01361,C0221,2025-07-09,spinach,2.01,16.65
O01362,C0221,2025-05-07,spinach,1.33,10.6
O01363,C0221,2025-06-25,spinach,2.56,21.43
O01364,C0221,2025-10-17,lettuce,2.5,17.07
O01365,C0221,2025-12-01,spinach,2.18,15.22
O01366,C0221,2025-07-19,spinach,4.28,33.93
O01367,C0221,2025-11-09,spinach,4.03,31.01
O01368,C0222,2026-03-29,kai_lan,3.69,30.71
O01369,C0222,2026-02-13,kai_lan,3.81,34.65
O01370,C0222,2026-03-07,kai_lan,2.1,16.47
O01371,C0222,2026-02-01,kai_lan,3.27,24.77
O01372,C0222,2026-01-08,arugula,1.49,13.64
O01373,C0222,2026-03-05,lettuce,4.84,29.71
O01374,C0222,2025-12-21,kai_lan,4.1,34.08
O01375,C0222,2026-01-10,kai_lan,0.64,5.62
O01376,C0223,2025-10-26,kai_lan,8.19,46.96
O01377,C0223,2025-12-12,chye_sim,10.67,56.2
O01378,C0223,2025-11-17,chye_sim,8.86,49.9
O01379,C0224,2025-10-10,spinach,1.61,12.43
O01380,C0224,2025-07-29,spinach,3.34,26.26
O01381,C0224,2026-01-29,spinach,1.8,12.62
O01382,C0224,2026-02-28,spinach,4.95,36.65
O01383,C0224,2025-08-23,spinach,3.13,24.09
O01384,C0224,2025-10-20,spinach,1.64,12.79
O01385,C0224,2026-04-11,arugula,1.64,16.57
O01386,C0224,2026-01-13,spinach,2.81,21.31
O01387,C0224,2025-12-10,spinach,0.63,4.26
O01388,C0224,2026-01-19,spinach,3.84,28.28
O01389,C0224,2026-04-01,lettuce,0.52,3.16
O01390,C0224,2026-02-08,spinach,3.31,27.44
O01391,C0224,2025-12-29,kai_lan,1.35,12.32
O01392,C0224,2025-08-31,spinach,1.82,14.32
O01393,C0224,2026-01-30,spinach,0.71,5.67
O01394,C0224,2025-12-26,lettuce,0.32,2.15
O01395,C0224,2025-07-17,spinach,3.99,27.27
O01396,C0224,2025-11-23,spinach,1.85,14.31
O01397,C0224,2026-01-01,spinach,1.1,7.58
O01398,C0224,2026-02-11,spinach,1.8,12.43
O01399,C0225,2025-12-19,lettuce,3.44,16.95
O01400,C0225,2025-09-22,lettuce,3.41,18.61
O01401,C0225,2025-11-02,lettuce,0.73,3.81
O01402,C0226,2025-05-04,kai_lan,4.23,33.51
O01403,C0226,2026-02-17,kai_lan,0.67,6.27
O01404,C0226,2025-04-22,kai_lan,3.45,28.94
O01405,C0226,2025-10-06,kai_lan,0.79,6.22
O01406,C0226,2026-01-19,lettuce,1.77,12.5
O01407,C0226,2026-03-20,kai_lan,1.02,8.66
O01408,C0226,2025-05-28,kai_lan,2.01,18.91
O01409,C0226,2026-02-03,kai_lan,3.97,31.0
O01410,C0226,2025-08-12,kai_lan,3.53,33.02
O01411,C0226,2026-01-12,kai_lan,0.99,9.14
O01412,C0226,2026-04-08,kai_lan,0.38,3.16
O01413,C0226,2025-08-06,kai_lan,3.41,28.49
O01414,C0226,2025-08-05,kai_lan,2.89,23.54
O01415,C0226,2025-07-09,kai_lan,2.66,22.52
O01416,C0226,2025-04-19,kai_lan,2.04,15.36
O01417,C0226,2025-10-04,spinach,1.68,12.38
O01418,C0226,2026-01-21,kai_lan,3.16,26.78
O01419,C0226,2025-05-17,kai_lan,3.34,31.31
O01420,C0226,2025-07-13,kai_lan,4.51,38.77
O01421,C0226,2025-07-23,kai_lan,0.77,6.12
O01422,C0226,2026-02-03,kai_lan,2.2,18.12
O01423,C0226,2025-07-13,arugula,1.56,13.58
O01424,C0226,2025-07-05,kai_lan,1.65,14.3
O01425,C0226,2026-04-02,kai_lan,1.17,10.85
O01426,C0226,2026-02-04,kai_lan,1.74,16.09
O01427,C0226,2025-07-23,kai_lan,3.5,27.23
O01428,C0227,2026-01-13,lettuce,5.13,24.97
O01429,C0227,2025-12-13,lettuce,14.74,78.85
O01430,C0227,2025-11-01,lettuce,13.53,67.8
O01431,C0227,2026-01-18,lettuce,9.88,45.49
O01432,C0228,2026-01-22,lettuce,14.9,78.91
O01433,C0228,2026-03-25,chye_sim,12.55,73.58
O01434,C0229,2026-02-24,spinach,2.61,18.95
O01435,C0229,2026-03-27,spinach,2.59,18.87
O01436,C0229,2026-01-18,spinach,1.87,14.15
O01437,C0229,2026-04-11,arugula,3.1,26.32
O01438,C0229,2026-04-14,spinach,3.31,22.83
O01439,C0230,2026-03-27,kai_lan,4.97,31.21
O01440,C0230,2025-08-27,kai_lan,3.78,27.38
O01441,C0231,2025-11-10,kai_lan,4.79,41.8
O01442,C0231,2025-11-28,chye_sim,4.53,31.97
O01443,C0231,2026-01-31,arugula,4.58,41.3
O01444,C0231,2025-12-12,arugula,2.26,23.67
O01445,C0231,2025-12-07,arugula,3.02,29.67
O01446,C0231,2026-02-22,arugula,4.04,38.4
O01447,C0231,2026-04-09,spinach,4.86,36.61
O01448,C0231,2026-03-13,arugula,3.5,32.95
O01449,C0231,2025-12-02,arugula,3.42,30.52
O01450,C0231,2025-12-01,arugula,1.69,15.6
O01451,C0231,2025-11-13,arugula,3.09,25.8
O01452,C0232,2025-10-20,lettuce,3.4,14.68
O01453,C0232,2025-12-22,lettuce,4.43,23.19
O01454,C0233,2026-04-04,arugula,0.7,4.79
O01455,C0233,2025-09-29,arugula,4.62,31.57
O01456,C0233,2025-07-07,arugula,1.97,15.22
O01457,C0233,2026-01-04,arugula,4.84,31.52
O01458,C0233,2025-11-01,lettuce,1.11,5.38
O01459,C0233,2025-12-03,kai_lan,3.91,23.88
O01460,C0233,2026-01-20,arugula,1.71,11.12
O01461,C0233,2026-04-07,spinach,1.16,7.2
O01462,C0233,2026-01-30,arugula,2.77,20.91
O01463,C0233,2026-03-05,chye_sim,2.5,13.52
O01464,C0233,2026-01-22,spinach,4.59,23.59
O01465,C0234,2025-09-24,arugula,0.96,7.59
O01466,C0234,2026-03-30,arugula,2.71,17.75
O01467,C0234,2025-11-26,arugula,0.55,4.3
O01468,C0234,2025-04-26,arugula,0.33,2.54
O01469,C0235,2026-02-11,kai_lan,1.57,11.39
O01470,C0235,2025-08-14,arugula,0.76,5.18
O01471,C0235,2026-02-22,arugula,4.36,28.55
O01472,C0235,2026-04-16,arugula,3.78,24.26
O01473,C0235,2025-10-03,arugula,2.94,23.55
O01474,C0235,2025-08-29,arugula,3.48,27.14
O01475,C0236,2026-03-28,spinach,4.95,25.3
O01476,C0236,2026-02-20,spinach,1.24,6.46
O01477,C0236,2025-11-27,spinach,0.87,4.55
O01478,C0236,2025-12-10,spinach,0.42,2.42
O01479,C0237,2025-09-03,spinach,2.57,13.79
O01480,C0237,2025-10-19,lettuce,4.16,21.28
O01481,C0238,2026-03-03,spinach,0.99,5.07
O01482,C0238,2025-07-03,lettuce,1.1,5.72
O01483,C0238,2026-01-26,spinach,2.56,14.09
O01484,C0238,2025-06-12,lettuce,3.44,16.41
O01485,C0238,2026-04-14,spinach,4.12,21.9
O01486,C0238,2025-09-14,spinach,2.95,15.11
O01487,C0238,2025-09-24,spinach,3.36,20.21
O01488,C0238,2025-12-05,spinach,4.56,29.41
O01489,C0238,2025-12-17,spinach,0.34,1.83
O01490,C0238,2026-01-03,lettuce,1.94,9.97
O01491,C0238,2025-11-07,spinach,1.12,5.95
O01492,C0238,2026-03-23,spinach,3.66,22.7
O01493,C0238,2025-09-11,lettuce,4.64,20.38
O01494,C0238,2026-03-18,spinach,4.82,28.69
O01495,C0239,2026-03-01,lettuce,3.4,15.68
O01496,C0239,2026-03-17,spinach,4.79,26.77
O01497,C0240,2025-12-14,arugula,0.44,3.34
O01498,C0240,2025-09-17,arugula,0.8,6.35
O01499,C0240,2026-01-20,arugula,1.39,10.65
O01500,C0241,2025-07-22,kai_lan,4.44,30.44
O01501,C0241,2025-10-05,spinach,0.6,3.59
O01502,C0241,2025-05-20,kai_lan,3.82,24.51
O01503,C0241,2025-09-30,kai_lan,4.25,30.44
O01504,C0241,2025-09-03,kai_lan,2.41,14.3
O01505,C0241,2026-02-12,kai_lan,1.24,7.57
O01506,C0241,2025-11-02,kai_lan,1.36,9.35
O01507,C0241,2025-10-31,chye_sim,1.2,6.75
O01508,C0241,2026-02-08,kai_lan,0.46,2.71
O01509,C0241,2025-03-25,kai_lan,2.22,14.58
O01510,C0242,2026-03-01,arugula,3.73,29.51
O01511,C0242,2026-04-09,arugula,1.19,7.99
O01512,C0243,2026-04-03,arugula,3.21,30.44
O01513,C0243,2025-09-29,spinach,3.24,26.62
O01514,C0243,2025-08-30,arugula,2.73,23.11
O01515,C0243,2026-04-02,arugula,3.13,28.08
O01516,C0243,2025-11-12,spinach,4.19,30.78
O01517,C0243,2026-01-20,arugula,4.4,45.77
O01518,C0243,2025-08-28,arugula,1.43,13.48
O01519,C0243,2026-04-03,arugula,3.21,30.35
O01520,C0243,2025-09-15,arugula,4.7,49.15
O01521,C0243,2025-08-05,arugula,2.28,19.81
O01522,C0243,2025-08-20,arugula,2.87,28.38
O01523,C0243,2025-08-21,arugula,0.64,6.66
O01524,C0243,2025-08-08,arugula,0.63,5.8
O01525,C0243,2025-08-31,lettuce,0.91,6.1
O01526,C0243,2025-09-12,arugula,2.69,26.05
O01527,C0243,2026-02-26,arugula,3.97,40.55
O01528,C0243,2025-11-14,arugula,0.56,5.59
O01529,C0243,2025-10-29,arugula,4.34,42.43
O01530,C0243,2025-07-30,arugula,0.55,5.43
O01531,C0243,2025-09-23,arugula,2.31,19.71
O01532,C0243,2026-03-02,arugula,3.19,32.79
O01533,C0244,2025-11-07,chye_sim,14.18,73.09
O01534,C0244,2025-10-12,chye_sim,7.27,42.37
O01535,C0245,2026-04-03,spinach,0.52,3.2
O01536,C0245,2026-02-24,spinach,0.57,2.94
O01537,C0245,2025-10-03,spinach,0.51,2.83
O01538,C0245,2026-01-22,arugula,0.91,6.39
O01539,C0245,2026-01-23,spinach,0.66,3.6
O01540,C0245,2025-11-26,spinach,3.61,22.54
O01541,C0245,2025-06-13,spinach,1.72,9.67
O01542,C0245,2025-11-30,spinach,3.37,19.68
O01543,C0245,2025-07-07,spinach,2.84,14.93
O01544,C0246,2026-01-02,lettuce,1.61,7.35
O01545,C0246,2025-10-24,lettuce,1.73,8.6
O01546,C0246,2025-10-20,chye_sim,4.14,20.8
O01547,C0247,2026-03-10,spinach,2.43,16.64
O01548,C0247,2026-03-25,spinach,3.06,22.0
O01549,C0247,2025-12-09,spinach,4.32,31.64
O01550,C0247,2025-11-22,spinach,0.51,3.57
O01551,C0247,2026-01-04,spinach,2.8,21.95
O01552,C0247,2025-11-26,spinach,1.93,12.93
O01553,C0247,2026-02-12,arugula,4.11,39.29
O01554,C0247,2025-11-25,spinach,4.2,31.15
O01555,C0247,2026-03-07,arugula,3.84,38.56
O01556,C0247,2026-04-08,spinach,3.69,29.01
O01557,C0248,2026-02-13,arugula,3.68,36.67
O01558,C0248,2025-11-01,arugula,2.09,20.74
O01559,C0248,2025-10-20,arugula,0.37,3.73
O01560,C0248,2025-11-08,arugula,1.47,13.94
O01561,C0248,2025-12-10,arugula,0.48,4.26
O01562,C0248,2025-11-05,arugula,3.98,40.0
O01563,C0248,2025-06-27,arugula,2.97,26.62
O01564,C0248,2025-11-03,spinach,0.38,2.54
O01565,C0248,2025-07-09,lettuce,4.27,25.35
O01566,C0248,2025-07-20,arugula,0.67,6.91
O01567,C0248,2026-03-30,arugula,0.6,5.19
O01568,C0248,2025-11-09,arugula,2.63,22.97
O01569,C0248,2025-09-18,arugula,3.2,26.75
O01570,C0248,2025-08-18,arugula,1.17,10.93
O01571,C0248,2026-02-01,arugula,0.5,4.9
O01572,C0248,2025-07-22,arugula,4.88,40.4
O01573,C0248,2025-12-18,arugula,0.51,4.47
O01574,C0248,2025-08-15,arugula,2.39,22.39
O01575,C0248,2025-10-20,arugula,2.98,30.1
O01576,C0248,2026-01-19,arugula,2.3,20.45
O01577,C0248,2025-07-03,arugula,4.0,36.0
O01578,C0249,2026-04-06,kai_lan,9.71,70.26
O01579,C0249,2026-01-26,kai_lan,8.68,53.61
O01580,C0249,2025-09-27,kai_lan,11.09,77.42
O01581,C0249,2025-12-28,chye_sim,12.83,74.2
O01582,C0250,2026-02-22,kai_lan,12.26,77.43
O01583,C0250,2025-12-08,arugula,14.92,109.13
O01584,C0251,2026-04-09,kai_lan,9.18,63.01
O01585,C0251,2026-02-16,lettuce,11.59,57.08
O01586,C0251,2025-10-31,kai_lan,13.36,82.53
O01587,C0252,2026-02-10,lettuce,3.91,18.51
O01588,C0252,2026-03-14,lettuce,4.87,24.97
O01589,C0253,2026-02-15,chye_sim,1.95,10.76
O01590,C0253,2026-01-22,chye_sim,3.14,17.08
O01591,C0254,2025-10-17,chye_sim,4.19,20.95
O01592,C0254,2026-01-04,chye_sim,4.57,26.21
O01593,C0254,2026-02-06,chye_sim,1.52,7.95
O01594,C0254,2025-11-08,chye_sim,2.22,12.22
O01595,C0255,2026-03-01,spinach,4.44,23.9
O01596,C0255,2026-01-10,kai_lan,0.87,5.32
O01597,C0256,2026-02-16,kai_lan,0.46,3.82
O01598,C0256,2025-09-14,kai_lan,4.37,40.68
O01599,C0256,2026-01-23,kai_lan,2.19,18.77
O01600,C0256,2025-11-18,kai_lan,4.52,41.83
O01601,C0256,2025-08-15,kai_lan,3.77,30.76
O01602,C0256,2026-02-05,lettuce,3.78,23.71
O01603,C0256,2026-02-20,chye_sim,3.7,27.03
O01604,C0256,2026-03-08,kai_lan,4.51,38.96
O01605,C0256,2025-12-27,kai_lan,2.43,19.66
O01606,C0256,2025-09-19,kai_lan,3.06,28.65
O01607,C0256,2025-08-09,kai_lan,2.62,19.73
O01608,C0257,2026-03-16,arugula,4.27,30.18
O01609,C0257,2025-12-03,arugula,3.86,30.81
O01610,C0258,2026-04-09,arugula,3.74,34.38
O01611,C0258,2026-03-05,spinach,3.19,21.76
O01612,C0258,2026-03-06,spinach,1.65,12.42
O01613,C0258,2026-03-02,spinach,4.61,38.86
O01614,C0259,2025-04-16,lettuce,0.96,4.39
O01615,C0259,2025-11-08,kai_lan,4.54,32.78
O01616,C0259,2025-11-24,kai_lan,1.22,7.89
O01617,C0259,2025-03-06,kai_lan,1.62,11.7
O01618,C0260,2026-02-23,spinach,0.89,5.12
O01619,C0260,2026-04-12,spinach,3.62,22.73
O01620,C0260,2025-12-11,lettuce,0.71,3.17
O01621,C0260,2025-10-30,kai_lan,1.96,11.47
O01622,C0261,2025-06-14,spinach,2.68,14.73
O01623,C0261,2026-01-09,chye_sim,0.65,3.73
O01624,C0261,2025-03-12,kai_lan,4.68,32.58
O01625,C0261,2025-08-02,kai_lan,2.92,20.54
O01626,C0262,2025-05-10,lettuce,1.46,7.28
O01627,C0262,2025-08-12,arugula,1.55,10.21
O01628,C0262,2025-07-26,spinach,1.23,7.8
O01629,C0262,2026-01-11,chye_sim,0.32,1.55
O01630,C0262,2026-02-01,arugula,3.64,23.29
O01631,C0262,2026-04-09,arugula,2.09,15.33
O01632,C0262,2026-03-14,arugula,2.79,22.3
O01633,C0262,2025-09-22,arugula,3.44,24.71
O01634,C0263,2025-11-08,chye_sim,10.43,54.57
O01635,C0263,2025-08-12,chye_sim,13.81,80.6
O01636,C0264,2026-02-03,spinach,3.41,17.97
O01637,C0264,2026-02-14,lettuce,1.93,9.24
O01638,C0264,2025-11-20,lettuce,4.08,19.95
O01639,C0264,2026-02-01,arugula,0.44,2.97
O01640,C0264,2025-12-13,chye_sim,0.59,3.43
O01641,C0264,2025-12-24,arugula,2.23,17.27
O01642,C0264,2026-02-04,arugula,4.59,31.2
O01643,C0265,2025-07-13,arugula,4.15,28.49
O01644,C0265,2025-10-18,arugula,4.42,32.07
O01645,C0265,2026-02-06,arugula,4.85,35.85
O01646,C0265,2025-05-28,arugula,0.39,2.99
O01647,C0265,2025-10-03,arugula,3.61,28.58
O01648,C0265,2025-12-31,arugula,0.53,3.56
O01649,C0266,2025-09-30,chye_sim,2.16,12.5
O01650,C0266,2025-11-16,arugula,1.86,12.46
O01651,C0266,2025-10-26,kai_lan,0.39,2.83
O01652,C0266,2025-08-12,spinach,4.02,20.75
O01653,C0266,2025-11-12,spinach,1.38,8.53
O01654,C0266,2025-10-25,spinach,3.82,23.85
O01655,C0266,2025-12-31,spinach,0.92,5.62
O01656,C0266,2025-11-06,kai_lan,2.67,18.21
O01657,C0266,2026-01-19,spinach,3.79,22.2
O01658,C0266,2025-09-06,spinach,3.06,17.31
O01659,C0266,2025-11-27,spinach,3.79,20.96
O01660,C0267,2025-11-01,kai_lan,4.86,32.14
O01661,C0267,2026-01-29,kai_lan,0.74,5.33
O01662,C0267,2025-12-10,kai_lan,4.57,29.92
O01663,C0267,2025-11-23,kai_lan,4.97,34.05
O01664,C0267,2026-01-27,chye_sim,2.43,13.59
O01665,C0267,2025-08-02,kai_lan,1.39,8.76
O01666,C0267,2025-09-14,kai_lan,1.86,13.01
O01667,C0267,2025-09-01,kai_lan,1.1,7.74
O01668,C0267,2026-03-28,kai_lan,0.69,4.41
O01669,C0267,2026-03-20,kai_lan,4.25,29.33
O01670,C0267,2025-08-20,spinach,1.76,9.83
O01671,C0267,2025-10-06,kai_lan,3.54,23.54
O01672,C0268,2026-03-05,kai_lan,3.85,26.79
O01673,C0268,2026-03-22,kai_lan,4.81,29.28
O01674,C0269,2026-03-25,kai_lan,4.34,31.51
O01675,C0269,2025-08-31,spinach,0.66,3.51
O01676,C0269,2025-07-27,kai_lan,3.82,22.82
O01677,C0269,2026-03-02,kai_lan,4.46,28.97
O01678,C0269,2026-04-15,kai_lan,3.82,25.11
O01679,C0269,2026-02-10,kai_lan,0.85,6.2
O01680,C0270,2026-03-04,chye_sim,8.22,49.46
O01681,C0270,2026-01-05,chye_sim,6.42,35.48
O01682,C0270,2025-07-05,arugula,8.71,64.3
O01683,C0270,2025-11-19,chye_sim,14.36,87.09
O01684,C0270,2026-03-26,arugula,6.64,50.29
O01685,C0270,2025-11-20,chye_sim,9.16,46.17
O01686,C0270,2025-04-26,kai_lan,12.01,72.46
O01687,C0270,2025-05-10,chye_sim,8.31,40.89
O01688,C0271,2025-10-09,arugula,3.29,33.64
O01689,C0271,2026-01-13,arugula,4.66,41.27
O01690,C0271,2026-02-24,arugula,1.74,16.74
O01691,C0271,2026-02-12,lettuce,3.32,19.61
O01692,C0271,2025-10-07,arugula,1.32,11.38
O01693,C0271,2025-09-11,arugula,2.75,26.68
O01694,C0271,2026-02-02,arugula,3.93,37.58
O01695,C0271,2025-12-09,chye_sim,3.19,25.09
O01696,C0271,2025-11-05,arugula,3.98,41.64
O01697,C0271,2025-09-05,lettuce,0.97,6.17
O01698,C0272,2026-03-08,kai_lan,4.86,28.83
O01699,C0272,2026-04-08,kai_lan,3.42,21.34
O01700,C0273,2025-08-20,kai_lan,2.15,19.35
O01701,C0273,2026-02-18,kai_lan,4.24,34.27
O01702,C0273,2025-07-31,chye_sim,4.79,37.91
O01703,C0273,2025-11-10,chye_sim,2.93,20.93
O01704,C0273,2025-10-27,kai_lan,2.92,24.31
O01705,C0273,2025-12-16,kai_lan,4.37,40.08
O01706,C0273,2025-12-15,kai_lan,2.93,27.73
O01707,C0273,2025-09-26,kai_lan,1.14,10.22
O01708,C0273,2025-06-26,kai_lan,2.0,15.64
O01709,C0273,2026-04-17,kai_lan,0.74,6.08
O01710,C0273,2025-10-28,kai_lan,0.36,2.88
O01711,C0273,2025-11-08,kai_lan,2.17,20.54
O01712,C0273,2025-10-28,kai_lan,0.57,4.89
O01713,C0273,2025-07-06,arugula,4.99,48.16
O01714,C0273,2026-02-27,kai_lan,3.82,33.46
O01715,C0273,2026-03-27,kai_lan,0.44,4.03
O01716,C0273,2025-09-07,kai_lan,4.3,32.69
O01717,C0273,2025-08-21,kai_lan,3.3,24.93
O01718,C0273,2025-08-09,spinach,4.31,33.68
O01719,C0273,2025-06-29,kai_lan,3.46,32.03
O01720,C0273,2025-09-15,lettuce,4.74,30.3
O01721,C0273,2026-01-13,kai_lan,3.44,26.0
O01722,C0273,2025-09-27,lettuce,3.73,21.37
O01723,C0274,2025-08-12,kai_lan,1.23,8.03
O01724,C0274,2025-10-17,kai_lan,4.26,30.61
O01725,C0274,2025-12-27,kai_lan,1.95,12.18
O01726,C0274,2025-09-03,kai_lan,2.48,14.61
O01727,C0274,2025-09-05,kai_lan,0.71,4.39
O01728,C0274,2025-07-31,chye_sim,1.32,7.05
O01729,C0274,2025-08-31,arugula,1.75,13.12
O01730,C0274,2025-10-26,chye_sim,1.76,9.4
O01731,C0274,2025-12-14,kai_lan,0.96,5.96
O01732,C0275,2026-01-05,kai_lan,6.99,50.68
O01733,C0275,2026-01-23,kai_lan,7.65,49.57
O01734,C0275,2026-04-15,kai_lan,12.72,83.16
O01735,C0276,2026-04-08,kai_lan,13.35,84.38
O01736,C0276,2026-01-22,chye_sim,14.94,80.85
O01737,C0276,2026-03-18,chye_sim,7.07,40.77
O01738,C0276,2026-01-04,chye_sim,12.43,64.58
O01739,C0277,2025-10-06,lettuce,2.5,10.86
O01740,C0277,2025-08-19,lettuce,3.27,15.91
O01741,C0277,2026-02-15,lettuce,2.05,9.75
O01742,C0277,2025-07-08,lettuce,0.79,3.75
O01743,C0277,2025-06-25,lettuce,2.53,11.93
O01744,C0277,2025-08-11,lettuce,1.98,8.93
O01745,C0278,2025-09-24,spinach,3.2,18.97
O01746,C0278,2026-01-29,lettuce,1.44,7.46
O01747,C0278,2025-12-10,spinach,2.19,11.28
O01748,C0278,2025-10-18,arugula,2.68,18.95
O01749,C0278,2025-11-05,spinach,0.43,2.53
O01750,C0278,2025-11-21,arugula,4.73,31.6
O01751,C0279,2025-08-01,spinach,1.87,15.62
O01752,C0279,2025-07-07,spinach,3.9,31.53
O01753,C0279,2026-01-11,spinach,2.46,19.29
O01754,C0279,2025-09-01,spinach,0.68,4.79
O01755,C0279,2025-09-03,spinach,3.7,25.61
O01756,C0279,2026-03-02,spinach,2.54,18.46
O01757,C0279,2026-01-18,spinach,2.15,15.11
O01758,C0279,2026-01-18,spinach,4.21,33.29
O01759,C0279,2025-07-10,spinach,1.8,14.96
O01760,C0279,2025-12-12,arugula,4.15,41.02
O01761,C0279,2025-12-25,spinach,2.81,20.41
O01762,C0279,2026-03-18,spinach,4.46,31.05
O01763,C0280,2026-02-20,kai_lan,2.66,15.2
O01764,C0280,2026-02-27,lettuce,0.95,4.3
O01765,C0281,2026-02-03,kai_lan,1.9,12.78
O01766,C0281,2026-03-06,kai_lan,1.76,11.94
O01767,C0281,2026-03-21,kai_lan,4.81,30.65
O01768,C0281,2025-12-29,kai_lan,2.73,16.08
O01769,C0281,2025-12-09,kai_lan,3.74,25.24
O01770,C0282,2026-03-13,kai_lan,0.91,5.89
O01771,C0282,2026-02-11,spinach,2.58,16.65
O01772,C0282,2025-11-30,spinach,0.56,3.17
O01773,C0282,2026-02-25,spinach,3.14,19.52
O01774,C0282,2025-12-13,spinach,3.97,24.2
O01775,C0282,2026-03-24,spinach,2.01,12.49
O01776,C0283,2026-01-03,arugula,0.68,4.29
O01777,C0283,2026-04-16,spinach,2.72,16.21
O01778,C0284,2026-02-28,spinach,1.62,8.56
O01779,C0284,2026-03-28,spinach,0.54,3.18
O01780,C0284,2026-01-26,spinach,1.89,10.4
O01781,C0284,2025-08-02,spinach,1.14,6.39
O01782,C0284,2025-07-29,spinach,1.7,8.76
O01783,C0284,2025-09-16,spinach,0.47,2.89
O01784,C0285,2026-01-01,lettuce,5.95,30.72
O01785,C0285,2026-03-24,lettuce,7.75,42.26
O01786,C0286,2026-02-02,arugula,4.18,42.27
O01787,C0286,2026-04-02,lettuce,0.49,3.0
O01788,C0286,2025-04-11,arugula,4.89,47.3
O01789,C0286,2025-05-13,arugula,4.91,41.29
O01790,C0286,2026-02-12,spinach,0.41,3.39
O01791,C0286,2025-08-01,chye_sim,0.67,5.29
O01792,C0286,2025-05-21,lettuce,4.98,32.58
O01793,C0286,2025-12-24,spinach,4.06,29.65
O01794,C0286,2025-11-20,arugula,4.7,41.59
O01795,C0286,2026-03-10,spinach,3.46,26.71
O01796,C0286,2025-06-23,arugula,1.58,14.47
O01797,C0286,2025-04-01,lettuce,1.59,10.05
O01798,C0286,2026-02-11,arugula,1.34,11.09
O01799,C0286,2025-09-05,arugula,3.17,31.33
O01800,C0286,2026-01-28,lettuce,3.28,20.06
O01801,C0287,2025-12-19,kai_lan,1.9,11.9
O01802,C0287,2025-12-11,spinach,4.32,25.02
O01803,C0288,2025-09-16,spinach,1.5,7.73
O01804,C0288,2026-04-09,lettuce,2.94,13.86
O01805,C0289,2026-04-02,kai_lan,1.67,10.38
O01806,C0289,2026-03-17,kai_lan,3.24,19.36
O01807,C0289,2026-02-16,kai_lan,2.25,15.57
O01808,C0289,2026-01-29,kai_lan,2.61,15.86
O01809,C0290,2025-08-27,chye_sim,4.76,23.81
O01810,C0290,2026-01-09,chye_sim,4.96,27.76
O01811,C0290,2025-09-20,chye_sim,4.93,30.21
O01812,C0291,2026-01-16,arugula,1.32,10.44
O01813,C0291,2025-11-10,arugula,2.01,13.08
O01814,C0291,2025-11-30,arugula,2.8,18.85
O01815,C0291,2026-01-13,arugula,2.48,19.26
O01816,C0291,2026-02-06,arugula,4.4,30.95
O01817,C0291,2025-06-22,arugula,1.87,13.35
O01818,C0291,2025-09-17,arugula,0.76,5.59
O01819,C0291,2026-01-21,spinach,3.29,19.63
O01820,C0291,2025-08-30,arugula,2.67,17.26
O01821,C0291,2026-04-09,arugula,1.83,12.37
O01822,C0291,2026-04-08,arugula,3.52,28.06
O01823,C0291,2025-07-02,arugula,3.37,24.6
O01824,C0291,2025-09-27,kai_lan,2.03,14.41
O01825,C0292,2026-02-16,arugula,1.82,16.16
O01826,C0292,2026-04-11,kai_lan,3.01,25.22
O01827,C0292,2026-03-15,kai_lan,4.95,44.82
O01828,C0292,2026-02-15,kai_lan,0.82,7.12
O01829,C0292,2026-01-29,arugula,1.45,14.3
O01830,C0292,2025-12-26,kai_lan,0.45,3.98
O01831,C0292,2026-04-07,kai_lan,2.51,20.63
O01832,C0292,2026-03-28,kai_lan,1.52,13.53
O01833,C0293,2026-04-04,lettuce,2.81,12.2
O01834,C0293,2026-03-19,kai_lan,4.11,28.85
O01835,C0294,2025-04-12,kai_lan,3.67,31.08
O01836,C0294,2026-02-18,kai_lan,4.0,30.59
O01837,C0294,2025-08-04,lettuce,4.02,26.98
O01838,C0294,2025-09-26,kai_lan,1.9,17.62
O01839,C0294,2025-11-25,kai_lan,0.76,6.61
O01840,C0294,2025-04-29,kai_lan,3.63,32.56
O01841,C0294,2026-04-14,kai_lan,1.69,14.07
O01842,C0294,2025-11-08,kai_lan,2.97,25.67
O01843,C0294,2026-04-16,kai_lan,2.75,20.61
O01844,C0294,2025-09-28,kai_lan,3.65,29.45
O01845,C0294,2026-03-24,kai_lan,3.28,27.55
O01846,C0294,2025-11-03,kai_lan,1.03,9.3
O01847,C0294,2025-05-27,kai_lan,1.67,13.75
O01848,C0294,2026-02-12,kai_lan,4.3,37.05
O01849,C0294,2025-06-06,kai_lan,1.52,13.52
O01850,C0294,2026-04-08,lettuce,2.54,17.75
O01851,C0294,2025-09-15,kai_lan,3.06,25.86
O01852,C0295,2025-12-29,spinach,4.65,27.95
O01853,C0295,2026-03-16,spinach,2.57,14.5
O01854,C0296,2025-05-25,chye_sim,8.09,41.57
O01855,C0296,2025-09-11,chye_sim,12.29,61.41
O01856,C0296,2025-07-31,chye_sim,9.59,57.99
O01857,C0296,2025-04-28,chye_sim,12.83,70.98
O01858,C0296,2025-08-16,spinach,5.33,31.84
O01859,C0296,2025-10-07,chye_sim,7.71,47.13
O01860,C0296,2026-01-22,arugula,5.56,40.67
O01861,C0296,2025-08-26,chye_sim,12.97,65.92
O01862,C0297,2025-08-25,chye_sim,3.67,18.63
O01863,C0297,2026-02-27,chye_sim,1.6,9.34
O01864,C0297,2025-05-24,kai_lan,1.72,10.41
O01865,C0297,2025-08-24,chye_sim,3.03,16.53
O01866,C0297,2026-01-21,kai_lan,4.01,23.41
O01867,C0297,2025-12-22,chye_sim,0.69,3.53
O01868,C0298,2025-10-09,spinach,1.71,8.75
O01869,C0298,2026-01-27,kai_lan,4.47,30.97
O01870,C0298,2025-09-28,spinach,3.28,20.22
O01871,C0298,2025-06-21,spinach,2.21,12.13
O01872,C0298,2025-09-19,spinach,2.57,14.14
O01873,C0298,2025-11-21,spinach,2.8,15.63
O01874,C0299,2026-02-03,arugula,3.24,27.51
O01875,C0299,2025-07-24,arugula,1.8,18.77
O01876,C0299,2025-12-18,arugula,1.14,11.34
O01877,C0299,2026-04-01,arugula,4.65,42.92
O01878,C0299,2026-03-14,arugula,4.17,36.13
O01879,C0299,2025-06-16,kai_lan,2.66,21.49
O01880,C0299,2026-01-18,arugula,3.52,36.31
O01881,C0299,2025-08-07,arugula,1.03,8.82
O01882,C0299,2025-11-10,arugula,3.17,27.21
O01883,C0299,2026-01-11,lettuce,4.01,27.24
O01884,C0299,2025-09-06,arugula,1.54,15.87
O01885,C0299,2025-09-24,arugula,1.74,17.17
O01886,C0299,2025-09-30,arugula,2.3,20.97
O01887,C0299,2025-11-21,arugula,4.72,39.45
O01888,C0299,2025-11-17,arugula,4.09,42.6
O01889,C0299,2025-09-09,arugula,3.61,31.43
O01890,C0299,2025-08-31,arugula,2.06,18.42
O01891,C0299,2025-11-03,arugula,2.93,25.46
O01892,C0299,2025-08-10,arugula,2.37,20.97
O01893,C0299,2025-05-30,arugula,1.83,17.04
O01894,C0299,2026-02-19,arugula,4.86,40.57
O01895,C0299,2026-03-25,arugula,4.81,47.26
O01896,C0299,2025-08-27,arugula,3.15,28.61
O01897,C0299,2025-06-12,arugula,1.91,18.05
O01898,C0299,2025-12-02,kai_lan,0.93,8.34
O01899,C0299,2025-10-05,chye_sim,4.17,32.52
O01900,C0299,2026-02-17,arugula,1.24,10.46
O01901,C0299,2025-08-25,arugula,2.87,27.89
O01902,C0300,2026-03-19,chye_sim,0.96,5.62
O01903,C0300,2025-11-28,spinach,3.93,24.16
O01904,C0301,2026-01-04,lettuce,1.37,6.49
O01905,C0301,2026-01-07,lettuce,3.61,16.65
O01906,C0302,2025-04-03,spinach,3.32,18.91
O01907,C0302,2025-11-27,chye_sim,0.58,3.59
O01908,C0302,2025-09-30,spinach,2.35,12.12
O01909,C0302,2025-12-06,spinach,2.83,15.57
O01910,C0303,2026-02-28,lettuce,5.76,25.44
O01911,C0303,2026-02-08,lettuce,12.99,68.92
O01912,C0304,2026-03-31,lettuce,14.93,77.58
O01913,C0304,2026-04-14,lettuce,7.77,37.62
O01914,C0305,2025-06-08,arugula,0.64,4.8
O01915,C0305,2025-09-12,arugula,3.97,30.24
O01916,C0305,2025-10-30,spinach,1.68,10.04
O01917,C0305,2025-10-08,arugula,1.36,9.61
O01918,C0305,2025-08-02,lettuce,3.91,19.3
O01919,C0305,2026-02-20,arugula,3.92,28.72
O01920,C0305,2025-09-20,chye_sim,3.01,15.32
O01921,C0305,2025-06-06,arugula,1.15,7.36
O01922,C0305,2026-01-25,kai_lan,0.9,5.63
O01923,C0305,2025-04-27,arugula,1.78,12.0
O01924,C0305,2025-07-07,arugula,1.07,8.59
O01925,C0305,2025-07-20,kai_lan,1.97,11.69
O01926,C0305,2025-11-03,arugula,4.76,30.34
O01927,C0305,2026-04-07,kai_lan,0.53,3.4
O01928,C0305,2025-07-02,arugula,2.09,16.17
O01929,C0305,2025-05-09,lettuce,3.02,14.85
O01930,C0305,2025-06-14,kai_lan,2.6,17.32
O01931,C0306,2025-09-01,kai_lan,1.29,7.55
O01932,C0306,2025-12-07,kai_lan,1.5,8.84
O01933,C0306,2025-11-11,kai_lan,2.09,13.3
O01934,C0306,2025-05-13,kai_lan,4.74,33.33
O01935,C0307,2026-03-25,spinach,1.38,8.38
O01936,C0307,2026-02-02,spinach,2.13,12.28
O01937,C0307,2025-10-29,arugula,0.51,4.0
O01938,C0307,2025-10-04,spinach,0.9,4.8
O01939,C0307,2026-02-13,spinach,0.48,2.87
O01940,C0308,2026-02-01,spinach,2.25,11.98
O01941,C0308,2026-01-01,spinach,2.74,14.55
O01942,C0309,2026-04-11,chye_sim,2.02,12.22
O01943,C0309,2026-03-30,chye_sim,2.64,13.84
O01944,C0309,2026-01-07,chye_sim,4.25,24.09
O01945,C0309,2025-03-07,spinach,4.48,23.07
O01946,C0309,2025-05-05,kai_lan,2.07,13.79
O01947,C0309,2025-11-16,chye_sim,0.77,4.08
O01948,C0309,2025-06-15,chye_sim,4.94,24.67
O01949,C0309,2025-10-22,chye_sim,2.25,13.56
O01950,C0309,2025-10-04,chye_sim,3.14,17.81
O01951,C0310,2026-02-17,arugula,4.54,38.73
O01952,C0310,2026-04-05,arugula,4.8,46.72
O01953,C0310,2025-11-12,arugula,3.82,38.77
O01954,C0310,2025-12-08,arugula,2.72,27.32
O01955,C0310,2025-11-24,arugula,0.69,5.8
O01956,C0310,2026-01-30,arugula,3.19,28.07
O01957,C0310,2025-12-22,arugula,3.4,30.51
O01958,C0310,2026-02-14,arugula,2.74,26.16
O01959,C0310,2025-12-26,kai_lan,2.28,20.04
O01960,C0310,2026-03-16,arugula,3.82,38.28
O01961,C0311,2025-05-16,arugula,0.37,2.73
O01962,C0311,2025-08-21,arugula,1.82,13.3
O01963,C0311,2025-12-25,kai_lan,4.39,31.74
O01964,C0311,2025-11-15,arugula,1.31,9.7
O01965,C0311,2026-01-26,arugula,3.8,28.39
O01966,C0311,2026-01-10,spinach,4.49,24.54
O01967,C0311,2025-12-27,spinach,0.75,4.74
O01968,C0311,2026-01-12,arugula,3.98,28.12
O01969,C0312,2026-03-22,spinach,1.37,10.21
O01970,C0312,2026-02-23,spinach,3.65,25.05
O01971,C0312,2026-03-10,spinach,2.35,19.78
O01972,C0312,2026-02-21,arugula,1.16,11.67
O01973,C0313,2025-09-28,spinach,3.5,28.13
O01974,C0313,2025-09-30,spinach,3.12,21.59
O01975,C0313,2026-03-19,spinach,4.06,29.61
O01976,C0313,2025-10-16,spinach,4.99,34.59
O01977,C0313,2025-09-10,spinach,1.08,8.39
O01978,C0313,2025-10-14,chye_sim,1.01,8.02
O01979,C0313,2026-01-24,spinach,4.81,40.15
O01980,C0313,2025-11-19,spinach,2.75,20.36
O01981,C0313,2026-02-19,spinach,0.94,7.83
O01982,C0313,2025-06-21,spinach,3.63,28.47
O01983,C0313,2025-10-05,lettuce,4.81,27.39
O01984,C0313,2026-01-17,spinach,2.56,17.73
O01985,C0313,2025-10-23,spinach,1.05,7.76
O01986,C0313,2025-09-28,spinach,1.95,13.72
O01987,C0313,2025-11-09,spinach,2.19,17.38
O01988,C0313,2026-04-16,kai_lan,2.38,20.98
O01989,C0313,2025-12-05,spinach,0.85,6.13
O01990,C0313,2025-08-12,lettuce,1.39,8.73
O01991,C0314,2026-03-27,spinach,5.7,36.89
O01992,C0314,2026-03-01,arugula,5.41,42.11
O01993,C0315,2025-11-16,spinach,2.3,12.29
O01994,C0315,2026-04-14,lettuce,1.67,8.22
O01995,C0315,2025-11-10,lettuce,3.12,14.76
O01996,C0315,2026-04-07,spinach,3.6,20.53
O01997,C0316,2026-03-28,chye_sim,3.92,23.32
O01998,C0316,2026-04-03,chye_sim,1.48,8.17
O01999,C0317,2026-02-06,arugula,0.69,4.5
O02000,C0317,2026-03-14,kai_lan,3.05,18.52
O02001,C0318,2026-02-06,spinach,4.99,31.19
O02002,C0318,2025-12-22,spinach,4.24,23.84
O02003,C0318,2025-12-30,lettuce,0.5,2.21
O02004,C0318,2026-03-22,arugula,3.01,19.65
O02005,C0318,2026-03-03,spinach,3.03,18.44
O02006,C0319,2025-12-23,chye_sim,0.49,2.78
O02007,C0319,2026-01-02,lettuce,2.76,14.94
O02008,C0319,2026-04-08,spinach,4.57,24.69
O02009,C0319,2025-08-22,chye_sim,4.75,23.59
O02010,C0319,2025-12-19,chye_sim,4.29,22.21
O02011,C0320,2025-10-15,kai_lan,14.66,90.16
O02012,C0320,2025-05-16,kai_lan,11.99,80.46
O02013,C0320,2025-07-13,kai_lan,12.71,83.54
O02014,C0320,2025-10-03,chye_sim,12.81,64.91
O02015,C0321,2025-09-04,kai_lan,3.2,21.98
O02016,C0321,2025-11-14,kai_lan,1.74,12.42
O02017,C0321,2025-09-05,kai_lan,1.77,11.5
O02018,C0321,2025-10-24,kai_lan,4.32,28.0
O02019,C0321,2026-01-09,arugula,3.85,30.76
O02020,C0321,2026-01-02,kai_lan,1.19,7.4
O02021,C0321,2026-04-06,lettuce,3.86,19.07
O02022,C0321,2026-02-09,kai_lan,0.66,3.85
O02023,C0321,2026-02-13,kai_lan,1.9,11.91
O02024,C0321,2025-09-27,kai_lan,4.79,33.51
O02025,C0321,2025-12-18,kai_lan,4.86,30.27
O02026,C0321,2025-11-13,kai_lan,0.49,3.23
O02027,C0322,2025-09-09,chye_sim,7.24,41.71
O02028,C0322,2025-08-12,chye_sim,7.26,41.34
O02029,C0323,2025-12-25,kai_lan,1.45,10.81
O02030,C0323,2026-03-21,spinach,2.89,22.15
O02031,C0323,2026-03-03,kai_lan,2.74,22.57
O02032,C0323,2026-04-14,arugula,3.81,37.43
O02033,C0323,2026-02-19,spinach,2.04,16.86
O02034,C0323,2026-01-17,kai_lan,1.98,18.55
O02035,C0323,2025-12-22,kai_lan,4.19,37.12
O02036,C0323,2026-04-04,kai_lan,0.75,7.01
O02037,C0323,2026-03-27,lettuce,0.79,5.44
O02038,C0323,2026-01-15,chye_sim,3.33,24.13
O02039,C0323,2026-01-14,kai_lan,3.0,22.62
O02040,C0324,2026-01-01,spinach,2.35,15.11
O02041,C0324,2025-08-17,spinach,2.41,14.47
O02042,C0324,2025-11-15,spinach,3.62,18.8
O02043,C0324,2025-11-19,spinach,3.68,21.69
O02044,C0324,2025-06-05,lettuce,3.61,19.57
O02045,C0324,2025-12-10,spinach,2.42,14.19
O02046,C0324,2025-10-24,spinach,2.98,18.83
O02047,C0325,2025-09-25,arugula,3.06,31.12
O02048,C0325,2026-01-23,spinach,3.85,29.61
O02049,C0325,2026-03-06,lettuce,2.79,18.75
O02050,C0325,2026-02-23,spinach,4.9,39.41
O02051,C0325,2025-10-04,kai_lan,4.67,41.59
O02052,C0325,2025-11-12,spinach,4.75,36.43
O02053,C0325,2026-02-11,spinach,2.22,17.49
O02054,C0325,2025-09-24,kai_lan,1.76,13.74
O02055,C0325,2025-12-08,lettuce,1.17,7.26
O02056,C0325,2025-10-17,spinach,3.34,22.67
O02057,C0325,2025-12-13,lettuce,0.4,2.59
O02058,C0325,2026-01-09,spinach,2.05,14.25
O02059,C0325,2026-01-02,spinach,1.84,13.2
O02060,C0325,2026-03-12,lettuce,4.34,30.66
O02061,C0325,2025-10-07,spinach,2.64,20.09
O02062,C0325,2025-11-16,spinach,3.51,24.28
O02063,C0325,2025-11-23,spinach,4.49,35.53
O02064,C0325,2026-04-02,lettuce,4.13,25.95
O02065,C0326,2025-06-10,arugula,4.03,26.37
O02066,C0326,2025-10-28,kai_lan,3.51,23.31
O02067,C0326,2025-08-15,lettuce,3.14,17.2
O02068,C0326,2025-11-10,arugula,2.88,20.15
O02069,C0326,2026-01-06,lettuce,0.61,2.8
O02070,C0326,2025-08-02,kai_lan,4.14,24.91
O02071,C0326,2025-12-14,kai_lan,0.58,4.17
O02072,C0327,2025-09-09,kai_lan,3.38,24.12
O02073,C0327,2026-04-14,chye_sim,2.87,14.64
O02074,C0328,2025-10-23,arugula,1.23,9.81
O02075,C0328,2026-01-06,arugula,2.07,14.89
O02076,C0328,2026-01-22,arugula,2.94,21.71
O02077,C0328,2025-12-06,arugula,4.0,27.3
O02078,C0328,2026-03-13,arugula,2.78,17.81
O02079,C0328,2025-10-11,arugula,3.06,24.16
O02080,C0328,2026-02-04,arugula,1.77,11.39
O02081,C0328,2025-09-26,arugula,1.72,11.48
O02082,C0328,2026-02-03,arugula,4.18,32.79
O02083,C0329,2025-12-08,lettuce,1.14,5.4
O02084,C0329,2026-03-15,lettuce,1.31,6.34
O02085,C0329,2025-06-26,chye_sim,0.64,3.28
O02086,C0329,2025-07-06,lettuce,3.18,13.89
O02087,C0330,2025-10-11,kai_lan,1.67,11.87
O02088,C0330,2026-02-04,chye_sim,4.93,30.26
O02089,C0330,2026-03-19,lettuce,4.61,22.07
O02090,C0330,2025-09-28,lettuce,1.46,7.43
O02091,C0331,2026-02-10,arugula,4.36,32.34
O02092,C0331,2025-10-11,lettuce,4.59,22.02
O02093,C0331,2025-08-22,arugula,2.24,15.3
O02094,C0331,2026-04-07,arugula,3.96,26.84
O02095,C0331,2025-08-22,arugula,2.16,16.27
O02096,C0332,2025-09-24,kai_lan,1.35,11.77
O02097,C0332,2025-09-18,kai_lan,4.02,30.42
O02098,C0332,2026-01-04,kai_lan,3.78,35.42
O02099,C0332,2026-02-09,kai_lan,1.65,15.1
O02100,C0332,2025-12-01,kai_lan,0.86,7.84
O02101,C0332,2025-11-01,lettuce,2.64,15.31
O02102,C0332,2025-08-08,kai_lan,0.81,6.43
O02103,C0332,2026-02-04,kai_lan,3.88,35.23
O02104,C0332,2025-11-21,kai_lan,2.04,18.25
O02105,C0332,2026-03-04,kai_lan,0.49,4.6
O02106,C0332,2025-10-25,chye_sim,0.51,3.19
O02107,C0332,2025-10-07,kai_lan,4.77,44.36
O02108,C0332,2026-01-16,kai_lan,4.54,34.26
O02109,C0332,2026-01-31,kai_lan,1.67,12.64
O02110,C0332,2025-10-23,kai_lan,1.88,16.72
O02111,C0333,2026-04-12,kai_lan,4.26,28.39
O02112,C0333,2026-03-06,kai_lan,0.97,7.03
O02113,C0334,2026-02-23,kai_lan,2.23,14.59
O02114,C0334,2026-03-27,chye_sim,1.81,8.86
O02115,C0335,2026-04-14,spinach,2.09,12.31
O02116,C0335,2026-03-07,kai_lan,1.36,9.08
O02117,C0336,2026-02-25,lettuce,3.35,18.03
O02118,C0336,2026-03-10,lettuce,1.63,8.2
O02119,C0336,2026-01-07,spinach,2.61,14.21
O02120,C0336,2026-04-12,lettuce,4.62,20.76
O02121,C0336,2026-02-20,spinach,1.65,10.09
O02122,C0337,2025-10-24,spinach,0.4,2.48
O02123,C0337,2025-09-25,spinach,2.23,14.11
O02124,C0337,2026-03-26,spinach,2.19,13.74
O02125,C0337,2025-11-18,spinach,2.21,13.98
O02126,C0338,2026-03-09,spinach,2.13,15.5
O02127,C0338,2026-01-03,spinach,0.93,7.03
O02128,C0338,2025-11-23,spinach,1.2,8.37
O02129,C0338,2026-01-23,lettuce,3.89,24.24
O02130,C0338,2025-12-25,spinach,0.96,6.59
O02131,C0338,2026-03-09,spinach,4.21,33.87
O02132,C0338,2026-02-17,spinach,1.32,10.08
O02133,C0338,2025-10-09,spinach,4.7,34.89
O02134,C0338,2026-03-04,spinach,1.27,9.73
O02135,C0338,2025-10-17,spinach,3.81,29.13
O02136,C0338,2025-10-08,spinach,3.0,24.28
O02137,C0338,2025-10-06,spinach,2.5,20.53
O02138,C0338,2025-09-25,lettuce,3.17,21.46
O02139,C0338,2025-08-08,spinach,4.0,27.15
O02140,C0338,2025-07-25,arugula,1.86,15.68
O02141,C0338,2026-01-19,spinach,1.01,7.08
O02142,C0338,2025-08-23,spinach,4.57,35.17
O02143,C0338,2026-03-06,spinach,3.61,25.82
O02144,C0338,2025-09-10,kai_lan,4.44,34.48
O02145,C0339,2026-03-26,spinach,2.94,17.58
O02146,C0339,2026-04-16,chye_sim,4.55,27.87
O02147,C0340,2025-07-06,kai_lan,0.49,3.44
O02148,C0340,2025-12-20,kai_lan,1.1,6.33
O02149,C0340,2026-04-09,spinach,2.37,14.0
O02150,C0340,2025-12-07,arugula,4.75,34.74
O02151,C0341,2025-10-10,kai_lan,0.93,7.52
O02152,C0341,2025-12-28,kai_lan,4.69,44.05
O02153,C0341,2025-11-08,spinach,3.64,30.43
O02154,C0341,2025-10-10,arugula,4.92,46.02
O02155,C0341,2026-02-25,spinach,1.09,8.95
O02156,C0341,2025-11-07,arugula,4.92,50.47
O02157,C0341,2025-09-25,arugula,4.56,38.07
O02158,C0341,2025-11-19,spinach,4.98,36.1
O02159,C0341,2025-11-27,chye_sim,2.45,15.77
O02160,C0341,2026-02-07,arugula,4.4,45.39
O02161,C0341,2025-09-21,kai_lan,2.09,19.37
O02162,C0341,2025-12-25,arugula,3.57,31.55
O02163,C0341,2025-12-24,arugula,4.07,41.38
O02164,C0341,2026-04-07,arugula,3.62,30.93
O02165,C0341,2025-12-16,lettuce,2.6,15.62
O02166,C0341,2026-01-12,kai_lan,3.43,27.73
O02167,C0342,2025-08-18,kai_lan,0.9,6.25
O02168,C0342,2025-10-23,kai_lan,2.05,12.25
O02169,C0342,2025-10-20,arugula,0.35,2.2
O02170,C0343,2025-08-14,lettuce,6.56,33.13
O02171,C0343,2025-10-14,kai_lan,8.31,56.15
O02172,C0343,2025-12-31,kai_lan,12.04,72.63
O02173,C0343,2026-03-09,kai_lan,12.18,71.42
O02174,C0344,2026-03-10,spinach,1.29,7.86
O02175,C0344,2025-11-27,spinach,2.79,16.08
O02176,C0345,2026-03-24,arugula,1.17,8.03
O02177,C0345,2025-12-03,arugula,2.69,17.39
O02178,C0346,2026-01-24,chye_sim,10.42,63.81
O02179,C0346,2025-12-19,kai_lan,6.87,42.74
O02180,C0347,2025-12-29,kai_lan,4.23,26.15
O02181,C0347,2026-03-03,kai_lan,1.64,10.48
O02182,C0348,2026-03-26,spinach,0.33,2.11
O02183,C0348,2026-03-12,spinach,3.85,19.97
O02184,C0348,2025-10-05,spinach,4.54,23.57
O02185,C0348,2026-03-31,kai_lan,3.89,26.62
O02186,C0349,2026-04-04,arugula,1.8,13.78
O02187,C0349,2026-04-15,arugula,3.5,26.29
O02188,C0350,2026-03-30,kai_lan,4.25,27.28
O02189,C0350,2026-03-19,kai_lan,1.71,11.09
O02190,C0351,2025-09-26,kai_lan,1.1,9.73
O02191,C0351,2026-01-16,kai_lan,2.47,22.99
O02192,C0351,2026-01-13,kai_lan,4.53,37.8
O02193,C0351,2025-09-01,spinach,4.76,39.13
O02194,C0351,2025-11-30,kai_lan,4.39,33.98
O02195,C0351,2025-12-25,kai_lan,4.02,35.28
O02196,C0351,2025-09-17,kai_lan,4.75,37.38
O02197,C0351,2025-06-29,kai_lan,1.0,8.16
O02198,C0351,2025-07-02,kai_lan,1.04,9.52
O02199,C0351,2026-03-29,kai_lan,1.19,10.34
O02200,C0351,2026-03-03,kai_lan,4.75,36.88
O02201,C0351,2025-07-21,kai_lan,0.8,7.48
O02202,C0351,2026-02-20,kai_lan,0.96,8.19
O02203,C0351,2026-03-01,spinach,0.36,2.6
O02204,C0351,2025-09-10,kai_lan,1.76,15.29
O02205,C0351,2025-08-22,kai_lan,2.79,22.67
O02206,C0351,2025-12-29,arugula,2.04,21.22
O02207,C0351,2025-07-23,kai_lan,2.04,16.18
O02208,C0351,2025-12-05,kai_lan,4.58,42.42
O02209,C0351,2026-02-19,lettuce,3.01,18.41
O02210,C0351,2025-09-28,arugula,3.97,37.84
O02211,C0352,2026-01-17,spinach,2.95,18.7
O02212,C0352,2026-02-06,kai_lan,0.75,5.16
O02213,C0352,2026-02-08,kai_lan,2.61,17.37
O02214,C0352,2026-01-25,kai_lan,2.13,12.83
O02215,C0352,2026-01-27,spinach,3.96,22.8
O02216,C0353,2025-11-18,arugula,4.18,29.95
O02217,C0353,2025-12-25,arugula,2.58,17.73
O02218,C0353,2026-04-04,arugula,4.11,27.38
O02219,C0353,2025-12-18,arugula,0.58,4.6
O02220,C0354,2026-03-06,spinach,4.02,22.86
O02221,C0354,2025-06-26,spinach,1.26,6.95
O02222,C0354,2025-07-05,spinach,3.88,20.25
O02223,C0355,2025-10-04,arugula,2.1,13.85
O02224,C0355,2026-03-05,kai_lan,1.59,9.75
O02225,C0355,2026-03-10,arugula,3.06,21.07
O02226,C0355,2025-07-29,arugula,4.38,31.92
O02227,C0355,2026-01-25,arugula,4.21,29.4
O02228,C0355,2025-08-03,arugula,3.34,23.43
O02229,C0355,2026-01-04,arugula,3.87,28.86
O02230,C0355,2026-01-02,arugula,2.97,23.37
O02231,C0355,2025-08-18,chye_sim,2.63,15.97
O02232,C0355,2025-09-30,arugula,2.76,21.95
O02233,C0355,2025-11-18,arugula,1.99,13.86
O02234,C0355,2025-08-31,arugula,3.83,27.52
O02235,C0356,2025-07-22,chye_sim,3.32,17.79
O02236,C0356,2025-09-08,chye_sim,0.72,3.68
O02237,C0356,2025-09-10,chye_sim,4.58,23.76
O02238,C0356,2025-10-21,chye_sim,3.51,17.11
O02239,C0356,2025-10-14,chye_sim,0.5,2.91
O02240,C0357,2026-04-08,chye_sim,8.19,43.85
O02241,C0357,2026-03-09,chye_sim,5.19,30.38
O02242,C0358,2025-08-02,spinach,3.58,20.99
O02243,C0358,2025-08-10,spinach,0.47,2.54
O02244,C0359,2025-07-24,kai_lan,5.81,41.2
O02245,C0359,2026-04-07,kai_lan,7.13,46.73
O02246,C0360,2026-03-06,kai_lan,2.91,18.99
O02247,C0360,2025-07-12,chye_sim,1.5,7.67
O02248,C0360,2025-09-02,kai_lan,3.36,21.57
O02249,C0360,2025-12-06,kai_lan,3.36,21.91
O02250,C0361,2025-10-11,spinach,0.5,3.09
O02251,C0361,2026-02-26,kai_lan,3.87,26.58
O02252,C0361,2025-11-04,chye_sim,4.47,26.44
O02253,C0361,2025-11-20,spinach,3.34,18.14
O02254,C0362,2025-12-13,arugula,1.76,11.79
O02255,C0362,2025-12-04,kai_lan,4.75,30.05
O02256,C0363,2026-01-14,lettuce,1.08,5.27
O02257,C0363,2026-02-09,kai_lan,4.04,27.29
O02258,C0363,2025-11-21,kai_lan,0.8,4.6
O02259,C0364,2026-03-27,kai_lan,0.35,2.82
O02260,C0364,2026-02-16,kai_lan,2.09,17.97
O02261,C0364,2026-02-26,kai_lan,2.03,17.75
O02262,C0365,2026-02-25,kai_lan,2.26,13.02
O02263,C0365,2026-03-05,kai_lan,0.86,5.14
O02264,C0366,2025-11-02,arugula,3.29,26.28
O02265,C0366,2025-08-05,arugula,1.12,7.32
O02266,C0366,2025-11-18,arugula,4.47,33.66
O02267,C0366,2025-12-07,arugula,3.6,25.82
O02268,C0366,2025-10-07,arugula,2.17,15.15
O02269,C0366,2025-08-09,arugula,4.2,29.63
O02270,C0366,2025-07-27,arugula,0.51,3.27
O02271,C0367,2025-07-14,chye_sim,1.25,6.5
O02272,C0367,2026-01-30,arugula,4.4,29.65
O02273,C0367,2025-10-08,arugula,0.51,3.71
O02274,C0367,2025-10-01,arugula,3.6,27.77
O02275,C0367,2026-02-22,kai_lan,2.01,13.38
O02276,C0367,2025-10-12,lettuce,2.05,11.04
O02277,C0367,2026-02-27,arugula,0.98,7.49
O02278,C0367,2025-08-17,arugula,3.03,21.13
O02279,C0367,2025-08-17,kai_lan,3.46,24.6
O02280,C0368,2026-01-24,arugula,4.82,31.25
O02281,C0368,2025-08-29,spinach,1.99,11.42
O02282,C0368,2026-01-23,kai_lan,0.5,3.26
O02283,C0368,2026-03-08,arugula,1.91,14.16
O02284,C0368,2025-07-12,lettuce,4.89,25.66
O02285,C0368,2026-04-11,arugula,4.17,32.77
O02286,C0368,2026-01-03,arugula,2.74,20.1
O02287,C0368,2025-08-30,lettuce,1.07,4.92
O02288,C0369,2025-09-10,spinach,1.83,14.91
O02289,C0369,2025-09-30,spinach,2.16,16.87
O02290,C0369,2025-10-10,spinach,1.95,14.38
O02291,C0369,2026-04-11,spinach,3.33,23.01
O02292,C0369,2026-03-13,kai_lan,0.3,2.74
O02293,C0369,2025-12-06,lettuce,4.6,30.7
O02294,C0369,2025-08-26,spinach,2.21,17.95
O02295,C0369,2025-12-25,spinach,4.77,33.31
O02296,C0369,2025-03-31,spinach,0.87,6.06
O02297,C0369,2026-03-06,spinach,1.49,12.46
O02298,C0369,2025-10-25,lettuce,0.35,2.28
O02299,C0369,2025-09-14,spinach,1.28,9.48
O02300,C0369,2026-01-18,lettuce,3.09,20.52
O02301,C0369,2025-04-08,spinach,1.95,13.86
O02302,C0369,2025-11-20,spinach,2.83,19.3
O02303,C0369,2026-03-10,spinach,4.44,37.08
O02304,C0369,2026-03-08,spinach,0.43,2.87
O02305,C0369,2025-11-27,kai_lan,1.49,11.32
O02306,C0369,2025-07-26,chye_sim,4.63,32.78
O02307,C0369,2026-04-10,spinach,3.14,23.48
O02308,C0369,2025-09-04,spinach,3.95,32.34
O02309,C0369,2025-07-11,spinach,0.75,5.88
O02310,C0369,2026-01-20,chye_sim,4.7,33.14
O02311,C0369,2025-12-05,spinach,1.59,12.19
O02312,C0369,2025-12-22,spinach,0.53,4.07
O02313,C0369,2026-03-15,spinach,1.12,8.33
O02314,C0369,2025-06-14,spinach,3.13,23.15
O02315,C0369,2026-03-09,spinach,4.24,29.63
O02316,C0370,2025-11-25,spinach,3.95,24.57
O02317,C0370,2025-10-19,kai_lan,1.16,7.24
O02318,C0370,2026-03-30,spinach,2.39,14.53
O02319,C0370,2025-09-18,spinach,0.95,5.85
O02320,C0370,2025-08-02,spinach,2.02,12.3
O02321,C0370,2025-07-31,arugula,2.03,14.78
O02322,C0371,2025-12-19,chye_sim,9.36,53.99
O02323,C0371,2025-09-06,chye_sim,7.63,46.47
O02324,C0372,2026-01-18,kai_lan,4.62,32.96
O02325,C0372,2025-10-24,kai_lan,1.06,7.02
O02326,C0372,2026-03-08,kai_lan,3.4,22.35
O02327,C0372,2026-02-08,kai_lan,0.61,4.27
O02328,C0372,2025-11-05,kai_lan,0.84,4.88
O02329,C0372,2025-11-09,kai_lan,0.93,6.31
O02330,C0372,2025-09-21,kai_lan,2.7,15.48
O02331,C0373,2025-11-04,spinach,0.34,2.81
O02332,C0373,2025-08-30,spinach,1.45,10.85
O02333,C0373,2025-10-08,spinach,2.53,18.99
O02334,C0373,2025-08-10,spinach,2.9,22.53
O02335,C0373,2025-07-27,spinach,0.9,6.78
O02336,C0373,2025-07-25,spinach,4.95,33.51
O02337,C0373,2025-09-13,spinach,3.84,31.32
O02338,C0373,2025-12-23,chye_sim,2.21,16.76
O02339,C0373,2025-07-12,chye_sim,0.43,3.2
O02340,C0373,2025-12-29,spinach,3.15,25.84
O02341,C0373,2025-08-25,spinach,4.76,35.99
O02342,C0374,2026-02-01,lettuce,1.43,7.06
O02343,C0374,2025-12-25,spinach,0.45,2.31
O02344,C0374,2025-09-10,chye_sim,3.93,19.24
O02345,C0374,2025-10-30,kai_lan,2.48,17.33
O02346,C0375,2025-12-05,lettuce,4.62,24.57
O02347,C0375,2026-01-17,kai_lan,2.11,14.97
O02348,C0375,2026-03-14,kai_lan,2.93,19.9
O02349,C0376,2026-03-11,kai_lan,1.88,16.65
O02350,C0376,2025-11-13,kai_lan,3.2,24.18
O02351,C0376,2026-04-09,kai_lan,1.57,12.63
O02352,C0376,2026-02-08,kai_lan,4.66,37.68
O02353,C0376,2025-09-21,kai_lan,1.94,15.62
O02354,C0376,2025-11-09,kai_lan,2.23,17.81
O02355,C0376,2025-12-25,kai_lan,1.19,10.29
O02356,C0376,2025-08-01,chye_sim,1.19,8.91
O02357,C0376,2026-02-23,kai_lan,1.26,10.56
O02358,C0376,2026-02-12,kai_lan,3.71,34.14
O02359,C0376,2026-04-13,kai_lan,3.11,27.13
O02360,C0376,2025-11-10,kai_lan,3.34,28.23
O02361,C0376,2025-09-24,kai_lan,3.67,34.23
O02362,C0376,2026-01-12,kai_lan,0.99,8.56
O02363,C0376,2025-09-28,kai_lan,2.07,17.7
O02364,C0376,2025-12-09,kai_lan,1.19,11.08
O02365,C0376,2026-01-30,kai_lan,4.96,42.73
O02366,C0376,2025-10-10,kai_lan,2.28,18.15
O02367,C0376,2025-12-26,kai_lan,2.6,19.91
O02368,C0376,2025-12-31,kai_lan,0.86,6.72
O02369,C0376,2025-11-23,arugula,0.49,4.14
O02370,C0376,2025-07-16,kai_lan,1.56,14.09
O02371,C0376,2025-12-24,kai_lan,4.49,38.54
O02372,C0377,2026-02-23,chye_sim,3.23,16.84
O02373,C0377,2026-03-15,chye_sim,1.34,7.53
O02374,C0378,2025-07-07,spinach,1.41,9.42
O02375,C0378,2025-12-17,spinach,1.33,10.79
O02376,C0378,2025-09-05,spinach,3.2,26.73
O02377,C0378,2025-04-08,spinach,3.19,26.76
O02378,C0378,2026-04-11,spinach,0.75,6.12
O02379,C0378,2025-06-14,spinach,3.17,26.11
O02380,C0378,2025-06-13,spinach,0.31,2.47
O02381,C0378,2025-10-01,spinach,3.12,22.88
O02382,C0378,2025-06-10,spinach,4.28,31.58
O02383,C0378,2025-10-06,spinach,3.77,27.67
O02384,C0378,2026-01-01,kai_lan,3.9,30.59
O02385,C0378,2026-01-31,spinach,4.01,30.42
O02386,C0378,2025-08-04,spinach,2.69,19.7
O02387,C0378,2025-10-05,spinach,2.05,16.23
O02388,C0378,2025-12-25,chye_sim,1.09,7.62
O02389,C0378,2025-06-12,spinach,2.2,15.62
O02390,C0378,2025-07-19,spinach,4.43,37.06
O02391,C0378,2026-02-07,spinach,3.58,26.67
O02392,C0378,2026-04-06,spinach,2.99,21.76
O02393,C0378,2025-03-03,spinach,3.7,30.67
O02394,C0378,2025-04-07,spinach,1.94,13.79
O02395,C0378,2025-07-04,spinach,1.09,8.93
O02396,C0378,2026-01-17,spinach,2.8,19.54
O02397,C0378,2025-03-11,spinach,3.88,26.34
O02398,C0378,2025-05-13,spinach,3.57,24.0
O02399,C0378,2025-04-02,spinach,1.5,10.35
O02400,C0378,2025-05-04,spinach,4.61,32.46
O02401,C0378,2025-07-30,spinach,0.61,5.04
O02402,C0378,2026-01-04,spinach,3.38,27.2
O02403,C0378,2026-03-07,spinach,2.88,23.98
O02404,C0378,2025-05-17,spinach,4.1,28.63
O02405,C0378,2026-02-20,spinach,3.93,28.01
O02406,C0379,2025-05-23,spinach,3.96,23.27
O02407,C0379,2025-08-28,kai_lan,4.68,28.57
O02408,C0379,2025-02-25,spinach,1.11,6.07
O02409,C0379,2026-04-13,spinach,2.67,13.85
O02410,C0380,2026-01-08,arugula,1.03,6.78
O02411,C0380,2026-04-07,arugula,2.03,15.58
O02412,C0381,2025-11-23,kai_lan,3.64,24.86
O02413,C0381,2025-10-11,kai_lan,3.85,22.4
O02414,C0381,2026-01-30,kai_lan,1.65,10.8
O02415,C0381,2026-03-28,kai_lan,2.16,14.16
O02416,C0381,2026-02-12,spinach,3.34,19.48
O02417,C0381,2026-02-13,lettuce,2.22,10.87
O02418,C0382,2025-09-23,kai_lan,3.12,19.63
O02419,C0382,2025-12-20,spinach,4.55,25.64
O02420,C0382,2025-12-21,spinach,1.78,9.57
O02421,C0382,2025-07-29,spinach,3.94,24.24
O02422,C0383,2025-09-30,chye_sim,1.72,8.88
O02423,C0383,2025-07-29,arugula,1.49,10.46
O02424,C0383,2026-03-16,chye_sim,1.26,6.33
O02425,C0383,2025-08-16,chye_sim,0.98,5.59
O02426,C0384,2026-02-23,chye_sim,8.51,51.38
O02427,C0384,2026-04-10,kai_lan,7.94,55.58
O02428,C0385,2026-02-20,kai_lan,14.81,104.31
O02429,C0385,2025-07-25,kai_lan,6.93,49.64
O02430,C0385,2025-09-13,kai_lan,6.01,41.38
O02431,C0386,2025-11-06,chye_sim,2.69,15.29
O02432,C0386,2025-12-28,chye_sim,2.2,12.94
O02433,C0386,2026-02-11,chye_sim,1.83,9.77
O02434,C0386,2026-03-12,chye_sim,4.45,26.01
O02435,C0386,2026-01-28,kai_lan,3.96,27.17
O02436,C0387,2026-02-05,kai_lan,4.85,34.8
O02437,C0387,2025-12-01,kai_lan,3.66,25.09
O02438,C0387,2026-04-12,kai_lan,0.97,6.92
O02439,C0387,2025-07-08,kai_lan,1.6,9.68
O02440,C0387,2025-06-13,kai_lan,4.78,28.8
O02441,C0387,2026-03-09,kai_lan,4.06,28.8
O02442,C0387,2025-12-26,kai_lan,1.5,10.72
O02443,C0388,2026-02-20,arugula,0.48,4.7
O02444,C0388,2026-04-07,arugula,2.5,26.11
O02445,C0389,2025-12-30,chye_sim,11.69,69.13
O02446,C0389,2025-10-14,chye_sim,14.79,88.22
O02447,C0389,2025-09-01,chye_sim,10.48,63.19
O02448,C0389,2025-10-08,chye_sim,8.27,41.7
O02449,C0389,2026-04-06,lettuce,11.83,62.21
O02450,C0389,2025-08-25,chye_sim,5.22,28.61
O02451,C0390,2026-01-27,spinach,4.87,41.07
O02452,C0390,2025-10-02,spinach,4.36,29.75
O02453,C0390,2025-10-26,spinach,4.27,30.02
O02454,C0390,2025-11-21,spinach,1.02,6.95
O02455,C0390,2026-02-04,spinach,2.24,16.48
O02456,C0390,2026-02-11,spinach,0.68,4.72
O02457,C0390,2026-01-20,lettuce,3.94,27.68
O02458,C0390,2025-10-03,spinach,4.13,28.56
O02459,C0390,2026-01-18,spinach,2.04,14.68
O02460,C0391,2026-03-29,spinach,1.31,9.68
O02461,C0391,2025-11-18,kai_lan,3.17,24.63
O02462,C0391,2025-10-10,kai_lan,3.09,28.32
O02463,C0391,2025-09-10,kai_lan,4.04,30.13
O02464,C0391,2026-02-25,kai_lan,0.73,6.9
O02465,C0391,2025-10-06,kai_lan,1.13,8.74
O02466,C0391,2026-01-24,kai_lan,4.61,40.87
O02467,C0391,2025-09-03,kai_lan,4.5,36.45
O02468,C0391,2025-08-09,kai_lan,0.49,3.61
O02469,C0391,2025-10-27,arugula,4.17,38.98
O02470,C0391,2025-12-04,kai_lan,3.19,27.15
O02471,C0391,2025-12-13,kai_lan,2.47,22.66
O02472,C0391,2025-10-09,kai_lan,3.59,27.39
O02473,C0391,2025-11-12,kai_lan,0.45,4.13
O02474,C0391,2025-10-12,kai_lan,4.11,33.54
O02475,C0391,2026-04-07,kai_lan,3.37,30.64
O02476,C0391,2026-02-20,spinach,4.93,35.45
O02477,C0391,2026-01-04,kai_lan,2.47,21.87
O02478,C0391,2025-08-08,kai_lan,3.06,23.5
O02479,C0392,2026-03-15,spinach,3.7,26.42
O02480,C0392,2026-02-28,spinach,3.02,23.99
O02481,C0392,2026-03-13,spinach,4.67,36.64
O02482,C0392,2026-04-12,spinach,3.06,25.51
O02483,C0392,2026-02-12,lettuce,2.01,12.48
O02484,C0392,2026-03-02,spinach,0.45,3.66
O02485,C0393,2026-01-26,kai_lan,9.98,67.31
O02486,C0393,2026-01-28,arugula,9.5,73.55
O02487,C0394,2026-03-20,lettuce,1.78,9.59
O02488,C0394,2026-01-07,kai_lan,4.39,26.21
O02489,C0394,2025-07-29,lettuce,2.59,14.17
O02490,C0394,2025-06-06,lettuce,0.96,4.72
O02491,C0395,2025-12-10,chye_sim,9.18,53.76
O02492,C0395,2026-01-21,chye_sim,8.73,42.29
O02493,C0395,2026-03-25,arugula,7.02,46.25
O02494,C0396,2026-03-25,chye_sim,1.59,8.49
O02495,C0396,2026-01-17,lettuce,3.18,15.33
O02496,C0396,2025-05-12,spinach,3.68,21.58
O02497,C0396,2026-01-22,spinach,1.64,8.4
O02498,C0396,2026-02-17,spinach,4.02,23.18
O02499,C0396,2025-11-21,arugula,3.16,21.29
O02500,C0397,2026-02-17,lettuce,1.54,8.28
O02501,C0397,2025-09-28,lettuce,3.02,14.44
O02502,C0397,2025-09-20,lettuce,0.49,2.66
O02503,C0397,2026-01-12,lettuce,0.31,1.36
O02504,C0398,2026-02-21,kai_lan,4.53,32.54
O02505,C0398,2026-01-19,kai_lan,4.78,33.25
O02506,C0398,2026-04-08,chye_sim,3.42,18.78
O02507,C0399,2025-09-08,spinach,2.9,23.3
O02508,C0399,2025-09-19,spinach,3.71,25.81
O02509,C0399,2025-09-01,spinach,2.32,16.76
O02510,C0399,2025-09-24,kai_lan,0.91,8.15
O02511,C0399,2025-10-01,spinach,1.67,11.89
O02512,C0399,2025-08-12,kai_lan,1.07,8.17
O02513,C0399,2025-10-16,spinach,2.85,21.73
O02514,C0399,2025-06-26,spinach,1.03,7.07
O02515,C0399,2025-05-23,kai_lan,3.92,35.18
O02516,C0399,2025-10-07,kai_lan,2.42,18.6
O02517,C0399,2026-02-19,spinach,0.87,6.85
O02518,C0399,2025-10-11,spinach,0.73,5.09
O02519,C0399,2025-08-26,spinach,1.48,9.84
O02520,C0399,2026-04-04,chye_sim,0.71,4.52
O02521,C0400,2026-01-30,lettuce,4.13,20.41
O02522,C0400,2026-02-17,chye_sim,1.95,10.32
O02523,C0401,2026-03-10,kai_lan,2.71,24.6
O02524,C0401,2025-10-13,arugula,3.22,30.01
O02525,C0401,2026-01-17,kai_lan,4.97,39.22
O02526,C0401,2026-02-04,chye_sim,2.92,20.67
O02527,C0401,2025-11-10,arugula,1.24,10.3
O02528,C0401,2025-12-13,arugula,2.98,24.69
O02529,C0401,2026-02-06,lettuce,2.25,15.51
O02530,C0401,2025-11-08,kai_lan,4.26,36.83
O02531,C0401,2026-01-10,lettuce,2.53,16.29
O02532,C0401,2026-01-08,spinach,3.24,21.67
O02533,C0401,2026-03-21,arugula,1.46,13.75
O02534,C0401,2025-12-06,arugula,4.34,36.25
O02535,C0402,2026-04-07,kai_lan,1.51,9.56
O02536,C0402,2025-11-27,kai_lan,4.29,31.13
O02537,C0402,2026-03-03,kai_lan,2.64,18.16
O02538,C0402,2026-01-31,kai_lan,4.91,30.61
O02539,C0402,2025-11-11,arugula,3.13,24.47
O02540,C0403,2025-10-18,arugula,1.54,10.66
O02541,C0403,2025-10-20,arugula,1.3,10.02
O02542,C0403,2025-11-17,arugula,1.76,13.5
O02543,C0403,2026-03-31,arugula,4.34,33.57
O02544,C0403,2026-02-06,arugula,2.87,22.65
O02545,C0404,2025-09-21,lettuce,2.2,11.88
O02546,C0404,2025-09-28,spinach,3.39,18.58
O02547,C0404,2025-05-18,lettuce,0.74,4.03
O02548,C0404,2025-04-24,lettuce,2.54,12.36
O02549,C0405,2025-12-31,spinach,1.54,11.88
O02550,C0405,2026-02-09,spinach,1.87,13.03
O02551,C0405,2026-02-11,kai_lan,4.12,34.55
O02552,C0405,2026-03-24,kai_lan,4.8,44.09
O02553,C0405,2026-01-27,spinach,2.22,17.45
O02554,C0405,2025-11-27,spinach,3.73,30.43
O02555,C0405,2026-01-23,spinach,0.58,4.06
O02556,C0405,2026-03-08,spinach,4.18,29.93
O02557,C0405,2025-10-23,spinach,3.08,25.48
O02558,C0405,2025-12-01,spinach,3.2,26.36
O02559,C0405,2026-03-18,spinach,3.35,25.22
O02560,C0405,2025-10-18,spinach,1.2,8.5
O02561,C0406,2026-03-01,spinach,3.31,17.46
O02562,C0406,2026-03-13,spinach,3.64,19.76
O02563,C0407,2025-11-29,chye_sim,0.92,6.17
O02564,C0407,2025-12-16,arugula,3.36,33.13
O02565,C0407,2025-11-21,arugula,1.9,17.6
O02566,C0407,2025-12-25,chye_sim,4.38,30.03
O02567,C0407,2026-03-03,arugula,2.74,24.25
O02568,C0407,2026-01-08,kai_lan,2.13,16.65
O02569,C0407,2026-01-19,arugula,4.76,43.89
O02570,C0407,2026-01-21,arugula,2.48,20.76
O02571,C0407,2025-12-03,lettuce,1.26,7.26
O02572,C0407,2026-01-30,arugula,1.61,14.83
O02573,C0408,2026-03-18,lettuce,3.06,18.76
O02574,C0408,2026-03-29,arugula,1.24,12.66
O02575,C0408,2026-04-10,arugula,2.14,18.36
O02576,C0408,2026-03-02,arugula,0.93,9.27
O02577,C0409,2025-12-26,chye_sim,4.94,27.49
O02578,C0409,2026-03-16,kai_lan,3.69,24.11
O02579,C0410,2025-05-12,arugula,3.39,26.19
O02580,C0410,2026-04-09,arugula,0.6,4.76
O02581,C0410,2025-05-16,arugula,1.63,12.6
O02582,C0410,2026-04-14,arugula,4.32,31.68
O02583,C0410,2025-12-19,lettuce,4.89,21.12
O02584,C0410,2025-04-02,arugula,3.54,25.83
O02585,C0410,2026-01-07,arugula,2.56,17.05
O02586,C0410,2026-04-02,arugula,3.89,26.35
O02587,C0411,2025-07-10,kai_lan,3.26,22.02
O02588,C0411,2025-12-26,kai_lan,1.98,12.48
O02589,C0411,2026-01-06,kai_lan,1.45,8.4
O02590,C0411,2025-08-12,kai_lan,3.87,25.33
O02591,C0411,2025-10-31,kai_lan,4.8,27.58
O02592,C0411,2025-04-01,kai_lan,4.51,27.43
O02593,C0411,2025-03-15,kai_lan,2.24,16.28
O02594,C0411,2025-03-30,kai_lan,4.95,32.56
O02595,C0411,2026-02-23,kai_lan,3.77,22.84
O02596,C0412,2026-01-21,lettuce,4.62,22.12
O02597,C0412,2026-02-21,lettuce,4.48,24.03
O02598,C0413,2026-03-01,lettuce,0.74,3.41
O02599,C0413,2026-04-03,lettuce,3.26,16.96
O02600,C0414,2026-03-18,arugula,2.84,21.24
O02601,C0414,2026-04-01,arugula,2.6,20.94
O02602,C0415,2025-09-19,kai_lan,2.67,16.21
O02603,C0415,2025-12-12,kai_lan,2.31,14.45
O02604,C0415,2025-08-22,lettuce,1.07,5.55
O02605,C0415,2026-01-08,kai_lan,3.44,20.69
O02606,C0415,2025-05-12,kai_lan,0.51,3.07
O02607,C0415,2025-06-08,kai_lan,1.69,9.81
O02608,C0415,2025-10-09,kai_lan,0.93,5.5
O02609,C0415,2026-02-26,kai_lan,3.25,23.03
O02610,C0415,2025-07-24,spinach,3.53,22.13
O02611,C0416,2026-02-16,lettuce,1.11,4.81
O02612,C0416,2026-01-09,lettuce,4.5,19.96
O02613,C0417,2025-05-12,lettuce,6.54,29.02
O02614,C0417,2025-06-18,lettuce,6.66,34.32
O02615,C0417,2026-02-21,lettuce,11.77,63.91
O02616,C0417,2025-12-20,arugula,14.84,116.79
O02617,C0417,2025-05-12,lettuce,11.61,52.98
O02618,C0417,2025-10-08,lettuce,11.11,58.29
O02619,C0417,2025-07-13,lettuce,11.06,59.75
O02620,C0418,2026-03-23,kai_lan,1.69,11.7
O02621,C0418,2025-10-17,arugula,0.84,6.35
O02622,C0418,2025-03-20,chye_sim,3.59,21.88
O02623,C0418,2025-04-19,chye_sim,2.15,12.28
O02624,C0418,2026-02-20,kai_lan,2.73,17.94
O02625,C0418,2025-06-19,spinach,0.54,3.39
O02626,C0418,2025-11-26,spinach,2.9,16.15
O02627,C0418,2025-11-23,chye_sim,1.53,8.5
O02628,C0418,2025-05-23,chye_sim,2.61,15.49
O02629,C0419,2026-03-30,chye_sim,0.72,3.63
O02630,C0419,2026-02-12,arugula,3.69,26.85
O02631,C0420,2026-04-16,arugula,1.07,7.32
O02632,C0420,2025-09-11,arugula,3.9,29.95
O02633,C0420,2026-02-26,arugula,4.36,33.04
O02634,C0420,2025-05-04,arugula,3.86,29.85
O02635,C0420,2026-01-16,arugula,3.53,25.32
O02636,C0420,2025-05-12,arugula,4.5,33.57
O02637,C0420,2025-04-21,chye_sim,3.14,18.2
O02638,C0420,2025-09-19,arugula,3.46,26.67
O02639,C0421,2025-11-16,spinach,0.7,5.67
O02640,C0421,2026-04-12,arugula,1.65,15.52
O02641,C0421,2025-07-30,arugula,4.17,37.09
O02642,C0421,2025-07-12,arugula,2.5,23.47
O02643,C0421,2026-02-15,arugula,3.12,25.69
O02644,C0421,2025-11-01,spinach,3.29,22.37
O02645,C0421,2026-03-12,arugula,1.0,9.13
O02646,C0421,2025-08-22,arugula,1.0,8.86
O02647,C0421,2025-10-15,spinach,0.53,3.82
O02648,C0421,2025-09-16,spinach,0.5,3.94
O02649,C0421,2026-02-16,arugula,1.28,11.7
O02650,C0422,2026-03-03,kai_lan,1.97,14.33
O02651,C0422,2026-04-06,arugula,4.32,31.33
O02652,C0422,2025-07-25,kai_lan,1.56,9.03
O02653,C0422,2025-07-23,spinach,2.78,17.66
O02654,C0422,2026-02-16,spinach,3.75,24.14
O02655,C0422,2026-04-16,kai_lan,4.76,30.91
O02656,C0422,2025-09-26,kai_lan,2.08,14.36
O02657,C0423,2025-07-23,kai_lan,1.44,9.74
O02658,C0423,2025-09-01,kai_lan,3.21,19.84
O02659,C0423,2025-09-16,kai_lan,3.33,22.53
O02660,C0423,2025-11-25,kai_lan,1.05,6.38
O02661,C0423,2026-01-21,kai_lan,3.69,26.0
O02662,C0423,2026-01-27,kai_lan,1.76,12.17
O02663,C0423,2025-08-02,kai_lan,0.49,3.11
O02664,C0423,2026-01-06,kai_lan,4.75,29.92
O02665,C0423,2025-11-16,kai_lan,2.2,13.34
O02666,C0423,2025-12-26,kai_lan,3.51,21.69
O02667,C0424,2025-04-03,lettuce,2.51,11.72
O02668,C0424,2025-08-13,lettuce,4.81,23.75
O02669,C0425,2026-04-06,arugula,0.81,5.48
O02670,C0425,2026-04-01,arugula,1.14,9.15
O02671,C0426,2026-03-23,spinach,4.21,21.84
O02672,C0426,2026-03-14,spinach,1.66,9.96
O02673,C0427,2025-12-19,spinach,1.32,8.49
O02674,C0427,2026-01-17,spinach,2.77,16.42
O02675,C0427,2025-11-19,spinach,1.34,7.12
O02676,C0428,2026-01-28,lettuce,11.0,54.23
O02677,C0428,2026-02-01,lettuce,11.06,50.29
O02678,C0429,2025-07-07,kai_lan,1.23,7.45
O02679,C0429,2025-12-15,kai_lan,5.0,28.89
O02680,C0429,2025-12-16,chye_sim,4.79,29.01
O02681,C0429,2026-03-31,lettuce,4.82,26.4
O02682,C0429,2025-07-09,kai_lan,2.65,16.86
O02683,C0430,2026-03-16,kai_lan,1.17,8.18
O02684,C0430,2025-07-06,spinach,1.87,10.64
O02685,C0430,2026-03-29,spinach,3.11,19.85
O02686,C0430,2025-10-24,spinach,1.87,11.2
O02687,C0430,2026-03-02,spinach,1.63,10.56
O02688,C0431,2026-03-11,arugula,3.5,31.88
O02689,C0431,2026-04-05,kai_lan,0.57,4.62
O02690,C0431,2026-01-26,arugula,3.3,31.49
O02691,C0431,2026-01-30,kai_lan,1.36,11.22
O02692,C0431,2026-03-19,kai_lan,0.42,3.27
O02693,C0431,2026-03-10,kai_lan,4.13,32.03
O02694,C0432,2026-03-27,chye_sim,1.43,7.43
O02695,C0432,2026-02-12,chye_sim,0.73,4.45
O02696,C0433,2026-04-08,spinach,10.2,57.82
O02697,C0433,2026-04-09,chye_sim,8.67,42.2
O02698,C0433,2025-09-11,chye_sim,14.36,77.61
O02699,C0433,2026-04-07,chye_sim,11.94,59.61
O02700,C0433,2025-05-27,chye_sim,13.47,81.86
O02701,C0433,2025-06-29,kai_lan,13.85,87.02
O02702,C0433,2025-10-12,kai_lan,13.71,79.02
O02703,C0433,2025-06-09,chye_sim,5.73,34.83
O02704,C0434,2025-12-13,chye_sim,1.49,7.9
O02705,C0434,2025-12-01,lettuce,1.16,5.79
O02706,C0435,2026-03-26,arugula,2.94,23.2
O02707,C0435,2025-11-05,chye_sim,1.66,10.17
O02708,C0436,2026-02-16,arugula,2.91,22.4
O02709,C0436,2026-03-15,spinach,1.42,8.93
O02710,C0436,2026-03-28,lettuce,2.22,10.1
O02711,C0437,2025-10-30,spinach,0.88,4.64
O02712,C0437,2025-10-28,spinach,3.56,21.18
O02713,C0438,2026-03-20,arugula,2.95,29.02
O02714,C0438,2026-04-08,arugula,3.0,30.99
O02715,C0438,2026-04-02,arugula,3.04,26.17
O02716,C0438,2026-04-05,arugula,2.99,30.98
O02717,C0439,2026-03-04,kai_lan,4.1,37.7
O02718,C0439,2026-02-04,kai_lan,2.9,25.1
O02719,C0439,2026-01-20,chye_sim,3.88,30.08
O02720,C0439,2025-09-11,spinach,2.82,20.55
O02721,C0439,2025-11-26,kai_lan,2.97,22.99
O02722,C0439,2026-01-11,kai_lan,0.4,3.38
O02723,C0439,2025-11-07,kai_lan,4.02,36.91
O02724,C0439,2025-10-03,kai_lan,4.24,38.51
O02725,C0439,2025-10-16,kai_lan,0.96,9.06
O02726,C0439,2025-12-01,kai_lan,4.81,36.34
O02727,C0439,2026-01-26,kai_lan,4.95,41.58
O02728,C0439,2025-11-29,kai_lan,2.45,20.28
O02729,C0439,2026-04-05,kai_lan,2.38,21.29
O02730,C0439,2025-11-07,kai_lan,4.98,39.3
O02731,C0439,2026-01-22,kai_lan,3.45,29.87
O02732,C0439,2025-11-20,kai_lan,4.52,38.41
O02733,C0440,2026-02-03,chye_sim,4.91,37.87
O02734,C0440,2025-10-15,arugula,0.85,7.3
O02735,C0440,2026-04-12,spinach,2.34,15.66
O02736,C0440,2025-07-06,spinach,3.89,29.62
O02737,C0440,2025-07-06,spinach,1.55,12.49
O02738,C0440,2025-11-03,spinach,1.92,14.93
O02739,C0440,2025-08-10,spinach,2.57,19.0
O02740,C0440,2026-04-01,arugula,3.9,39.22
O02741,C0440,2025-09-29,spinach,4.91,39.23
O02742,C0440,2025-08-28,chye_sim,2.17,14.23
O02743,C0440,2026-02-16,spinach,2.69,20.92
O02744,C0440,2025-05-12,chye_sim,1.07,8.13
O02745,C0440,2025-04-22,spinach,4.31,31.95
O02746,C0440,2025-11-08,spinach,4.99,34.18
O02747,C0440,2025-11-06,spinach,0.65,5.12
O02748,C0440,2026-03-01,spinach,4.86,39.73
O02749,C0440,2025-05-16,spinach,0.56,4.4
O02750,C0440,2025-06-02,spinach,3.15,25.8
O02751,C0441,2025-10-02,kai_lan,3.94,27.81
O02752,C0441,2026-01-30,kai_lan,3.04,19.48
O02753,C0441,2026-01-02,kai_lan,0.54,3.38
O02754,C0441,2026-03-01,kai_lan,0.38,2.46
O02755,C0442,2025-12-12,spinach,0.57,3.68
O02756,C0442,2025-09-30,chye_sim,2.23,11.2
O02757,C0442,2025-09-29,spinach,2.91,15.23
O02758,C0442,2026-03-29,chye_sim,4.64,28.09
O02759,C0442,2025-10-11,spinach,4.68,24.34
O02760,C0442,2025-12-02,spinach,4.7,28.41
O02761,C0442,2025-12-02,spinach,1.22,6.56
O02762,C0442,2025-11-16,spinach,0.92,5.91
O02763,C0442,2026-01-20,kai_lan,1.92,13.86
O02764,C0442,2025-09-14,spinach,4.66,26.78
O02765,C0443,2025-12-30,kai_lan,5.79,34.57
O02766,C0443,2026-02-23,kai_lan,12.5,76.16
O02767,C0444,2025-11-30,kai_lan,2.63,17.4
O02768,C0444,2025-12-14,kai_lan,1.19,7.67
O02769,C0444,2026-03-27,kai_lan,1.54,8.95
O02770,C0444,2025-09-15,spinach,0.96,5.44
O02771,C0444,2026-03-09,kai_lan,4.14,26.48
O02772,C0445,2025-11-01,arugula,1.26,8.55
O02773,C0445,2025-11-14,arugula,2.81,22.31
O02774,C0445,2026-02-14,lettuce,2.71,14.62
O02775,C0445,2025-11-07,arugula,1.06,6.88
O02776,C0446,2025-10-22,spinach,1.21,9.16
O02777,C0446,2026-02-20,spinach,2.87,22.83
O02778,C0446,2026-03-29,chye_sim,2.36,17.91
O02779,C0446,2025-11-16,lettuce,4.42,30.51
O02780,C0446,2025-10-19,spinach,4.98,36.73
O02781,C0446,2026-01-10,spinach,3.83,32.03
O02782,C0446,2025-08-01,spinach,3.6,27.46
O02783,C0446,2026-02-25,spinach,4.66,31.91
O02784,C0446,2026-03-22,spinach,4.71,33.26
O02785,C0446,2026-02-13,spinach,4.1,33.55
O02786,C0446,2025-07-28,spinach,0.31,2.36
O02787,C0446,2025-09-02,spinach,1.1,7.77
O02788,C0446,2026-01-15,spinach,1.05,8.84
O02789,C0446,2026-01-24,spinach,1.87,15.79
O02790,C0446,2025-09-12,spinach,2.2,15.22
O02791,C0446,2025-08-27,spinach,3.92,27.24
O02792,C0446,2025-09-30,spinach,2.17,16.19
O02793,C0446,2025-08-10,spinach,2.81,22.12
O02794,C0447,2026-03-08,kai_lan,2.85,19.76
O02795,C0447,2025-11-22,kai_lan,4.62,32.54
O02796,C0448,2025-03-10,chye_sim,1.38,8.21
O02797,C0448,2025-09-30,lettuce,3.55,17.42
O02798,C0448,2025-07-20,chye_sim,1.7,9.59
O02799,C0448,2026-03-04,chye_sim,2.9,14.3
O02800,C0448,2025-04-05,chye_sim,2.42,13.48
O02801,C0448,2025-10-13,chye_sim,0.47,2.67
O02802,C0448,2025-04-08,chye_sim,1.14,6.87
O02803,C0449,2025-12-12,spinach,1.22,7.54
O02804,C0449,2026-02-04,spinach,4.69,26.88
O02805,C0449,2025-11-25,arugula,0.6,4.44
O02806,C0449,2025-12-16,spinach,2.8,15.8
O02807,C0450,2026-04-06,lettuce,4.6,22.58
O02808,C0450,2026-03-19,chye_sim,0.91,5.02
O02809,C0451,2026-03-24,kai_lan,3.32,20.66
O02810,C0451,2026-04-01,lettuce,3.32,17.0
O02811,C0451,2026-01-17,lettuce,3.57,19.09
O02812,C0452,2025-10-23,spinach,3.72,26.92
O02813,C0452,2025-12-11,kai_lan,0.44,3.41
O02814,C0452,2025-09-12,kai_lan,3.81,34.9
O02815,C0452,2025-09-06,kai_lan,4.69,38.62
O02816,C0452,2026-02-19,kai_lan,0.96,8.74
O02817,C0452,2026-03-01,kai_lan,3.3,28.78
O02818,C0452,2025-06-29,kai_lan,3.77,34.55
O02819,C0452,2025-11-08,spinach,4.72,35.99
O02820,C0452,2026-02-09,spinach,1.07,7.27
O02821,C0452,2026-04-05,kai_lan,3.88,34.53
O02822,C0452,2025-12-25,kai_lan,4.74,39.0
O02823,C0452,2026-02-10,kai_lan,4.75,37.43
O02824,C0452,2026-04-12,kai_lan,2.79,25.17
O02825,C0452,2025-10-28,kai_lan,4.34,40.58
O02826,C0452,2025-06-15,kai_lan,2.14,17.49
O02827,C0452,2026-03-18,kai_lan,1.54,12.62
O02828,C0453,2025-12-04,kai_lan,1.81,15.22
O02829,C0453,2025-11-15,spinach,1.21,9.42
O02830,C0453,2025-08-21,arugula,4.17,35.08
O02831,C0453,2025-08-17,lettuce,1.07,6.35
O02832,C0453,2025-12-08,kai_lan,1.56,11.76
O02833,C0453,2025-12-24,kai_lan,1.75,14.13
O02834,C0453,2026-02-08,kai_lan,4.19,32.87
O02835,C0453,2025-10-09,spinach,4.46,36.23
O02836,C0453,2026-02-19,arugula,0.76,7.6
O02837,C0453,2026-02-05,kai_lan,4.81,38.37
O02838,C0453,2025-09-05,kai_lan,3.32,25.45
O02839,C0453,2025-08-04,kai_lan,1.96,16.42
O02840,C0453,2026-03-18,kai_lan,3.08,25.87
O02841,C0454,2026-03-26,kai_lan,2.55,15.65
O02842,C0454,2026-02-24,spinach,2.72,15.98
O02843,C0455,2025-08-18,lettuce,4.48,24.27
O02844,C0455,2025-12-03,chye_sim,2.31,11.37
O02845,C0456,2026-04-04,kai_lan,9.16,63.14
O02846,C0456,2026-02-03,kai_lan,7.99,47.77
O02847,C0457,2026-01-09,arugula,4.92,38.77
O02848,C0457,2025-12-11,arugula,1.9,13.94
O02849,C0457,2026-01-23,spinach,3.65,21.74
O02850,C0457,2025-10-20,arugula,1.73,12.81
O02851,C0457,2025-09-19,chye_sim,2.31,12.2
O02852,C0457,2025-09-28,kai_lan,0.49,2.89
O02853,C0457,2025-12-25,arugula,1.38,10.28
O02854,C0457,2025-11-16,arugula,1.41,10.51
O02855,C0457,2025-09-18,arugula,0.63,3.97
O02856,C0458,2026-01-20,kai_lan,1.26,10.98
O02857,C0458,2026-02-08,chye_sim,1.63,11.08
O02858,C0458,2026-01-30,kai_lan,2.1,18.12
O02859,C0458,2026-03-21,kai_lan,2.65,24.26
O02860,C0458,2025-11-14,kai_lan,4.52,40.88
O02861,C0458,2026-03-22,lettuce,1.0,5.64
O02862,C0458,2025-12-21,arugula,3.61,37.16
O02863,C0458,2025-12-01,kai_lan,4.81,40.86
O02864,C0458,2026-04-13,chye_sim,4.1,26.52
O02865,C0458,2025-10-23,kai_lan,0.6,4.67
O02866,C0459,2026-04-09,kai_lan,1.73,10.16
O02867,C0459,2026-02-04,arugula,2.74,19.34
O02868,C0460,2025-10-10,lettuce,2.9,13.67
O02869,C0460,2025-10-13,spinach,3.62,21.82
O02870,C0460,2025-10-19,arugula,2.56,17.61
O02871,C0460,2026-01-22,lettuce,1.55,6.92
O02872,C0460,2025-10-08,arugula,1.83,13.55
O02873,C0460,2026-04-08,arugula,3.79,26.5
O02874,C0461,2026-01-30,spinach,0.78,5.25
O02875,C0461,2025-07-24,arugula,3.33,28.77
O02876,C0461,2025-12-12,spinach,1.23,9.93
O02877,C0461,2025-08-11,lettuce,4.84,34.23
O02878,C0461,2025-05-06,spinach,1.11,8.53
O02879,C0461,2026-02-06,kai_lan,2.24,17.4
O02880,C0461,2025-06-12,chye_sim,3.39,24.73
O02881,C0461,2026-03-15,spinach,2.9,20.0
O02882,C0461,2025-07-16,spinach,2.01,16.84
O02883,C0461,2026-02-11,lettuce,1.8,12.71
O02884,C0461,2025-09-05,spinach,2.6,20.27
O02885,C0461,2025-12-30,spinach,4.1,29.35
O02886,C0461,2025-05-02,spinach,1.53,10.83
O02887,C0461,2026-01-02,spinach,3.71,25.81
O02888,C0461,2025-12-06,spinach,4.29,32.95
O02889,C0461,2025-04-23,spinach,1.12,7.57
O02890,C0461,2025-05-20,spinach,3.43,26.49
O02891,C0461,2026-01-16,chye_sim,1.31,9.81
O02892,C0461,2025-10-06,spinach,4.77,39.82
O02893,C0461,2026-01-12,spinach,1.0,8.12
O02894,C0462,2025-04-12,spinach,2.01,12.31
O02895,C0462,2026-02-27,lettuce,1.11,5.96
O02896,C0462,2025-07-06,lettuce,4.11,21.04
O02897,C0462,2025-10-17,spinach,2.68,15.79
O02898,C0462,2025-08-18,spinach,3.56,21.74
O02899,C0462,2025-08-30,spinach,1.98,10.76
O02900,C0462,2025-11-21,spinach,0.59,3.68
O02901,C0462,2026-03-12,chye_sim,0.49,2.38
O02902,C0462,2025-07-25,spinach,2.12,11.08
O02903,C0462,2025-12-11,lettuce,0.81,3.58
O02904,C0462,2025-05-15,arugula,2.98,23.67
O02905,C0462,2025-04-09,spinach,1.0,5.92
O02906,C0462,2026-03-26,arugula,3.82,28.6
O02907,C0462,2025-04-09,spinach,2.55,15.31
O02908,C0462,2026-03-04,spinach,0.57,3.54
O02909,C0462,2025-02-23,spinach,4.96,25.9
O02910,C0462,2026-02-07,spinach,0.74,4.75
O02911,C0462,2025-05-06,spinach,3.28,20.06
O02912,C0463,2026-02-12,arugula,4.37,34.69
O02913,C0463,2026-03-16,arugula,3.84,25.24
O02914,C0464,2026-04-04,chye_sim,0.84,4.52
O02915,C0464,2026-01-30,lettuce,1.15,5.12
O02916,C0465,2025-04-08,kai_lan,3.7,24.97
O02917,C0465,2025-12-18,arugula,1.23,9.12
O02918,C0465,2026-03-31,kai_lan,1.68,10.11
O02919,C0465,2025-10-03,kai_lan,2.82,19.03
O02920,C0465,2025-11-11,kai_lan,3.43,21.21
O02921,C0465,2025-12-14,kai_lan,3.89,23.98
O02922,C0465,2025-05-13,kai_lan,0.41,2.68
O02923,C0465,2025-10-11,kai_lan,0.96,6.0
O02924,C0466,2026-03-24,kai_lan,4.92,29.27
O02925,C0466,2026-03-06,kai_lan,0.38,2.66
O02926,C0467,2026-02-19,spinach,2.09,12.96
O02927,C0467,2025-11-18,kai_lan,3.43,22.84
O02928,C0467,2025-12-20,lettuce,4.17,21.79
O02929,C0467,2026-01-15,kai_lan,1.59,10.18
O02930,C0467,2026-02-17,kai_lan,2.84,17.94
O02931,C0467,2025-12-21,kai_lan,0.43,3.07
O02932,C0468,2025-06-10,chye_sim,4.95,30.06
O02933,C0468,2025-10-25,chye_sim,3.19,17.44
O02934,C0468,2026-01-02,chye_sim,0.58,3.29
O02935,C0468,2025-04-23,chye_sim,3.69,18.28
O02936,C0469,2026-03-28,kai_lan,2.24,13.26
O02937,C0469,2026-03-28,kai_lan,3.36,23.91
O02938,C0470,2025-12-09,kai_lan,13.64,95.64
O02939,C0470,2026-03-13,kai_lan,5.08,34.59
O02940,C0470,2025-12-01,kai_lan,5.59,32.1
O02941,C0471,2025-12-31,lettuce,3.91,24.63
O02942,C0471,2026-01-05,spinach,0.6,4.5
O02943,C0471,2026-03-11,spinach,1.64,13.38
O02944,C0471,2025-11-21,arugula,4.26,36.36
O02945,C0471,2026-04-14,arugula,2.34,19.86
O02946,C0471,2026-02-08,arugula,0.86,8.57
O02947,C0471,2025-10-20,arugula,0.43,4.37
O02948,C0471,2026-04-09,arugula,1.38,12.76
O02949,C0471,2025-11-28,kai_lan,1.06,9.0
O02950,C0471,2026-02-05,arugula,0.76,7.48
O02951,C0471,2025-12-21,arugula,1.0,8.27
O02952,C0471,2026-03-22,arugula,1.91,16.0
O02953,C0472,2026-02-11,arugula,2.22,14.46
O02954,C0472,2026-01-23,arugula,1.38,8.92
O02955,C0473,2026-04-09,spinach,2.79,15.33
O02956,C0473,2026-03-07,kai_lan,2.18,12.88
O02957,C0474,2025-11-24,spinach,2.34,13.11
O02958,C0474,2026-04-02,spinach,2.4,14.6
O02959,C0474,2026-01-21,spinach,1.26,7.42
O02960,C0474,2026-02-11,spinach,3.45,21.82
O02961,C0474,2026-01-08,spinach,1.04,6.46
O02962,C0475,2025-11-28,arugula,2.35,15.51
O02963,C0475,2026-01-17,lettuce,2.77,14.63
O02964,C0475,2026-03-21,lettuce,0.57,2.64
O02965,C0476,2025-12-06,lettuce,14.65,73.97
O02966,C0476,2025-08-26,chye_sim,5.51,30.93
O02967,C0477,2025-12-17,spinach,1.49,7.62
O02968,C0477,2026-03-23,spinach,1.41,8.7
O02969,C0477,2026-01-29,spinach,3.66,22.54
O02970,C0477,2026-03-11,spinach,3.0,16.62
O02971,C0477,2026-03-29,kai_lan,3.99,23.07
O02972,C0477,2026-02-28,spinach,0.48,2.83
O02973,C0477,2026-03-19,chye_sim,4.67,25.02
O02974,C0477,2026-02-26,spinach,2.62,14.17
O02975,C0477,2025-05-25,spinach,3.07,18.62
O02976,C0477,2025-11-20,spinach,2.92,16.07
O02977,C0477,2025-11-18,arugula,1.0,7.16
O02978,C0477,2025-05-17,spinach,2.98,16.26
O02979,C0477,2025-07-20,spinach,1.29,7.83
O02980,C0477,2026-01-10,spinach,3.1,18.32
O02981,C0477,2025-06-19,spinach,0.37,2.25
O02982,C0477,2025-09-04,spinach,2.32,15.06
O02983,C0478,2025-07-02,chye_sim,9.67,53.4
O02984,C0478,2026-01-23,kai_lan,9.11,64.04
O02985,C0478,2026-03-26,chye_sim,5.27,31.12
O02986,C0478,2026-03-09,chye_sim,13.5,81.39
O02987,C0479,2025-08-02,spinach,3.52,21.62
O02988,C0479,2026-04-09,spinach,2.67,17.32
O02989,C0479,2026-04-16,spinach,0.99,5.2
O02990,C0480,2025-08-01,lettuce,3.24,22.95
O02991,C0480,2026-04-07,kai_lan,4.16,31.5
O02992,C0480,2026-02-10,spinach,0.95,7.6
O02993,C0480,2026-03-09,arugula,2.75,27.24
O02994,C0480,2025-11-17,kai_lan,2.37,20.06
O02995,C0480,2026-03-02,lettuce,0.59,3.33
O02996,C0480,2025-08-13,kai_lan,1.8,15.86
O02997,C0480,2025-10-21,spinach,0.7,5.4
O02998,C0480,2025-09-05,lettuce,4.69,29.96
O02999,C0480,2026-04-02,kai_lan,3.08,27.8
O03000,C0480,2026-02-22,kai_lan,2.67,22.38
O03001,C0480,2026-02-06,kai_lan,5.0,46.57
O03002,C0480,2026-03-22,kai_lan,0.54,4.03
O03003,C0480,2026-01-18,kai_lan,0.85,7.92
O03004,C0480,2025-09-04,spinach,1.97,13.21
O03005,C0480,2025-11-25,kai_lan,1.64,15.12
O03006,C0480,2025-11-12,kai_lan,2.07,15.87
O03007,C0480,2026-03-13,kai_lan,4.34,38.05
O03008,C0480,2026-02-09,kai_lan,3.31,30.53
O03009,C0481,2026-02-15,kai_lan,4.22,26.65
O03010,C0481,2026-01-06,kai_lan,1.54,10.31
O03011,C0482,2026-03-05,lettuce,8.12,35.65
O03012,C0482,2026-02-16,lettuce,8.38,39.94
O03013,C0483,2026-04-16,kai_lan,3.87,35.28
O03014,C0483,2026-02-08,kai_lan,2.87,21.34
O03015,C0483,2026-03-01,chye_sim,1.55,10.82
O03016,C0483,2026-03-17,kai_lan,3.19,29.38
O03017,C0483,2026-01-04,spinach,1.01,8.52
O03018,C0484,2026-02-03,spinach,0.62,4.14
O03019,C0484,2025-07-23,spinach,0.65,5.46
O03020,C0484,2025-08-17,spinach,3.86,30.65
O03021,C0484,2025-12-21,spinach,4.94,38.5
O03022,C0484,2025-09-12,arugula,3.66,31.03
O03023,C0484,2025-10-08,spinach,2.22,14.7
O03024,C0484,2025-09-24,kai_lan,1.5,12.81
O03025,C0484,2025-08-08,spinach,3.96,31.33
O03026,C0484,2025-09-13,spinach,4.79,38.32
O03027,C0484,2026-03-01,spinach,0.89,6.03
O03028,C0484,2025-11-30,spinach,4.4,34.77
O03029,C0484,2025-11-08,spinach,2.97,21.84
O03030,C0484,2025-07-23,spinach,3.78,31.21
O03031,C0484,2025-07-24,kai_lan,1.52,12.93
O03032,C0484,2026-03-27,spinach,2.87,24.01
O03033,C0484,2025-06-22,spinach,2.89,19.69
O03034,C0484,2025-07-31,spinach,2.24,18.34
O03035,C0484,2025-08-13,chye_sim,3.23,25.39
O03036,C0485,2025-10-31,lettuce,3.2,15.81
O03037,C0485,2025-08-27,kai_lan,3.03,20.65
O03038,C0485,2026-01-28,kai_lan,4.67,29.5
O03039,C0485,2025-09-28,kai_lan,4.37,27.25
O03040,C0485,2026-02-17,kai_lan,1.77,11.97
O03041,C0485,2025-06-17,kai_lan,0.93,6.21
O03042,C0485,2025-07-23,kai_lan,3.53,22.83
O03043,C0485,2025-10-23,kai_lan,4.67,33.16
O03044,C0485,2025-05-14,kai_lan,0.63,3.69
O03045,C0485,2026-04-06,spinach,3.1,19.08
O03046,C0485,2026-01-31,kai_lan,1.78,11.31
O03047,C0485,2026-03-19,kai_lan,2.72,16.65
O03048,C0485,2025-10-29,kai_lan,2.08,11.93
O03049,C0485,2025-05-04,kai_lan,3.36,20.81
O03050,C0486,2026-01-25,lettuce,3.03,13.69
O03051,C0486,2026-01-24,arugula,3.51,23.88
O03052,C0487,2026-01-02,lettuce,2.33,11.16
O03053,C0487,2025-09-06,spinach,0.37,2.28
O03054,C0488,2026-01-07,kai_lan,2.01,13.88
O03055,C0488,2026-01-14,kai_lan,0.44,2.81
O03056,C0488,2026-01-05,arugula,1.2,8.68
O03057,C0488,2026-03-23,kai_lan,0.92,6.46
O03058,C0489,2025-11-24,arugula,3.98,31.1
O03059,C0489,2025-11-05,spinach,1.66,8.72
O03060,C0490,2025-10-10,chye_sim,8.47,51.34
O03061,C0490,2025-04-26,chye_sim,11.75,59.37
O03062,C0490,2025-07-26,chye_sim,6.52,33.12
O03063,C0490,2025-12-09,chye_sim,13.81,79.51
O03064,C0490,2025-12-20,chye_sim,6.34,33.35
O03065,C0490,2025-05-26,chye_sim,6.04,30.63
O03066,C0491,2025-05-13,lettuce,4.58,24.34
O03067,C0491,2025-07-29,lettuce,2.73,13.02
O03068,C0492,2026-02-16,arugula,5.15,36.85
O03069,C0492,2026-03-21,lettuce,9.95,49.42
O03070,C0493,2025-12-08,spinach,3.1,25.84
O03071,C0493,2026-03-11,arugula,4.68,41.38
O03072,C0493,2025-12-22,spinach,1.54,10.65
O03073,C0493,2026-03-06,spinach,3.73,30.98
O03074,C0493,2025-12-01,spinach,1.48,11.8
O03075,C0493,2026-03-20,spinach,2.32,18.33
O03076,C0493,2026-02-24,lettuce,2.47,15.15
O03077,C0493,2025-12-31,spinach,1.54,11.68
O03078,C0494,2025-11-20,chye_sim,2.92,17.03
O03079,C0494,2026-02-24,chye_sim,1.49,8.78
O03080,C0494,2025-12-26,chye_sim,3.48,18.8
O03081,C0495,2026-04-04,arugula,3.37,23.29
O03082,C0495,2025-11-25,chye_sim,0.66,3.32
O03083,C0495,2025-12-07,arugula,3.65,25.95
O03084,C0495,2026-03-05,arugula,3.76,30.18
O03085,C0495,2026-04-11,chye_sim,4.92,26.75
O03086,C0495,2026-01-28,spinach,1.68,10.07
O03087,C0495,2025-11-30,arugula,0.44,3.48
O03088,C0495,2026-03-10,arugula,3.52,27.29
O03089,C0496,2026-01-18,lettuce,0.59,4.04
O03090,C0496,2026-02-04,chye_sim,1.5,11.26
O03091,C0496,2025-10-28,spinach,3.16,25.51
O03092,C0496,2025-11-15,spinach,2.86,23.3
O03093,C0496,2025-12-04,spinach,1.38,11.26
O03094,C0496,2025-12-24,spinach,4.33,35.51
O03095,C0496,2025-09-12,spinach,3.66,26.92
O03096,C0496,2026-03-20,spinach,2.72,18.35
O03097,C0496,2026-02-23,spinach,1.11,7.87
O03098,C0496,2026-01-21,spinach,2.31,18.77
O03099,C0496,2025-11-05,arugula,3.54,32.9
O03100,C0496,2025-11-09,spinach,3.99,27.22
O03101,C0497,2026-04-08,chye_sim,4.58,26.55
O03102,C0497,2025-10-03,chye_sim,3.1,15.61
O03103,C0497,2025-12-11,lettuce,1.5,7.42
O03104,C0497,2025-11-05,lettuce,2.3,11.5
O03105,C0497,2026-01-10,arugula,3.89,28.69
O03106,C0497,2025-09-25,spinach,3.02,15.97
O03107,C0497,2025-12-23,chye_sim,4.25,24.37
O03108,C0497,2025-08-29,chye_sim,0.47,2.34
O03109,C0498,2026-01-23,kai_lan,4.83,42.86
O03110,C0498,2025-06-20,kai_lan,4.55,41.52
O03111,C0498,2026-02-18,kai_lan,2.41,20.49
O03112,C0498,2025-07-22,kai_lan,0.79,7.39
O03113,C0498,2026-02-16,kai_lan,2.65,21.81
O03114,C0498,2025-06-11,lettuce,4.92,31.48
O03115,C0498,2025-12-11,chye_sim,2.92,19.42
O03116,C0498,2025-06-05,kai_lan,4.14,30.88
O03117,C0498,2025-07-18,kai_lan,0.31,2.34
O03118,C0498,2025-12-15,kai_lan,2.34,17.94
O03119,C0498,2025-04-07,kai_lan,3.27,28.75
O03120,C0498,2026-01-02,chye_sim,3.66,23.79
O03121,C0498,2025-12-28,kai_lan,1.69,13.83
O03122,C0498,2025-05-09,kai_lan,4.61,36.49
O03123,C0498,2025-12-31,kai_lan,1.8,14.28
O03124,C0498,2025-05-05,kai_lan,3.85,34.76
O03125,C0498,2025-08-11,kai_lan,3.83,35.13
O03126,C0499,2025-07-01,kai_lan,1.75,12.4
O03127,C0499,2026-02-17,kai_lan,3.48,20.43
O03128,C0499,2025-04-23,kai_lan,3.93,22.6
O03129,C0499,2025-11-14,kai_lan,4.14,25.49
O03130,C0499,2025-10-07,lettuce,2.36,10.37
O03131,C0499,2025-05-02,kai_lan,2.33,16.62
O03132,C0499,2025-11-07,kai_lan,0.73,4.2
O03133,C0499,2026-03-19,kai_lan,2.04,14.45
O03134,C0500,2025-05-08,arugula,4.73,38.04
O03135,C0500,2025-03-23,lettuce,0.77,3.89
